Timestamp,Unix Timestamp,Milliseconds,X,Y,Z
02-02-21 10:45,1612262708,3,-0.45538712,0.098001435,-2.1722765
02-02-21 10:45,1612262708,22,-0.44366956,-0.26404464,-1.6428556
02-02-21 10:45,1612262708,22,-0.44366956,-0.26404464,-1.6428556
02-02-21 10:45,1612262708,30,-0.32649392,-0.2470009,-1.4097028
02-02-21 10:45,1612262708,40,0.067509145,-0.12876004,-0.92089397
02-02-21 10:45,1612262708,51,0.4327509,0.055392116,-0.54273623
02-02-21 10:45,1612262708,60,0.71077675,0.17363298,-0.15725502
02-02-21 10:45,1612262708,70,0.9323452,0.19280718,0.14314069
02-02-21 10:45,1612262708,81,1.0728228,0.20452474,0.27829212
02-02-21 10:45,1612262708,90,1.3412615,0.19600287,0.37842402
02-02-21 10:45,1612262708,100,1.4424586,0.29187384,0.36990216
02-02-21 10:45,1612262708,110,1.5021117,0.34087455,0.35711938
02-02-21 10:45,1612262708,120,1.485068,0.26843873,0.36244553
02-02-21 10:45,1612262708,131,1.3838708,0.21198137,0.3741631
02-02-21 10:45,1612262708,140,1.3412615,0.17150252,0.4029244
02-02-21 10:45,1612262708,150,1.0153003,-0.07137061,0.5744269
02-02-21 10:45,1612262708,160,0.7597774,-0.19480449,0.65325415
02-02-21 10:45,1612262708,171,0.6383409,-0.21823962,0.65644985
02-02-21 10:45,1612262708,180,0.45405558,-0.22782671,0.64366704
02-02-21 10:45,1612262708,190,0.23794642,-0.21930484,0.6223624
02-02-21 10:45,1612262709,200,0.18788047,-0.20865251,0.6223624
02-02-21 10:45,1612262709,210,0.05579158,-0.19586973,0.6585803
02-02-21 10:45,1612262709,221,-0.004926703,-0.20226112,0.70118964
02-02-21 10:45,1612262709,231,-0.013448567,-0.19906542,0.7022549
02-02-21 10:45,1612262709,240,-0.009187635,-0.22676148,0.7523208
02-02-21 10:45,1612262709,251,0.036617383,-0.29919732,0.7469947
02-02-21 10:45,1612262709,260,0.096270435,-0.27682742,0.6916025
02-02-21 10:45,1612262709,271,0.20385897,-0.14260808,0.55525273
02-02-21 10:45,1612262709,280,0.26990342,-0.07456631,0.48175162
02-02-21 10:45,1612262709,290,0.3178389,-0.020239428,0.4295552
02-02-21 10:45,1612262709,301,0.33594787,0.03195699,0.41677243
02-02-21 10:45,1612262709,312,0.31890413,0.06710968,0.4380771
02-02-21 10:45,1612262709,321,0.2880124,0.057522584,0.47216454
02-02-21 10:45,1612262709,331,0.23901166,0.018108962,0.50199103
02-02-21 10:45,1612262709,340,0.15698871,0.008521864,0.4966649
02-02-21 10:45,1612262709,350,0.12822743,0.027696058,0.47855595
02-02-21 10:45,1612262709,361,0.0920095,0.039413624,0.42316383
02-02-21 10:45,1612262709,371,0.06857438,0.07350108,0.36990216
02-02-21 10:45,1612262709,381,0.06963961,0.0969362,0.3581846
02-02-21 10:45,1612262709,390,0.047269717,0.120371334,0.3517932
02-02-21 10:45,1612262709,401,-0.00386147,0.08947957,0.36031508
02-02-21 10:45,1612262709,411,-0.029427063,0.08841434,0.3454018
02-02-21 10:45,1612262709,420,-0.07629731,0.111849464,0.286814
02-02-21 10:45,1612262709,431,-0.09227581,0.098001435,0.24420467
02-02-21 10:45,1612262709,440,-0.09440628,0.0969362,0.22076954
02-02-21 10:45,1612262709,451,-0.08481918,0.12995844,0.14846686
02-02-21 10:45,1612262709,460,-0.07310162,0.14806738,0.107988
02-02-21 10:45,1612262709,471,-0.07310162,0.141676,0.0952052
02-02-21 10:45,1612262709,480,-0.07629731,0.13421936,0.096270435
02-02-21 10:45,1612262709,490,-0.07416685,0.112914704,0.09413997
02-02-21 10:45,1612262709,501,-0.04966649,0.075631544,0.08135717
02-02-21 10:45,1612262709,511,-0.032622762,0.046870254,0.05685681
02-02-21 10:45,1612262709,522,-0.036883693,0.03195699,0.04513925
02-02-21 10:45,1612262709,530,-0.03901416,0.041544087,0.030225987
02-02-21 10:45,1612262709,541,-0.044340324,0.047935486,0.021704122
02-02-21 10:45,1612262709,550,-0.04860126,0.07882725,0.021704122
02-02-21 10:45,1612262709,561,-0.06884068,0.0969362,0.05898728
02-02-21 10:45,1612262709,570,-0.11890664,0.10226237,0.11011846
02-02-21 10:45,1612262709,581,-0.16471165,0.121436566,0.13568406
02-02-21 10:45,1612262709,590,-0.20306005,0.11504517,0.14633639
02-02-21 10:45,1612262709,601,-0.22649518,0.112914704,0.13035789
02-02-21 10:45,1612262709,610,-0.22542994,0.1320889,0.103727065
02-02-21 10:45,1612262709,621,-0.21051668,0.12463226,0.062182978
02-02-21 10:45,1612262709,631,-0.20306005,0.11717563,0.044074018
02-02-21 10:45,1612262709,641,-0.20625575,0.10758854,0.024899822
02-02-21 10:45,1612262709,650,-0.21690807,0.09374051,0.02063889
02-02-21 10:45,1612262709,661,-0.2339518,0.06284875,0.028095521
02-02-21 10:45,1612262709,670,-0.24886507,0.028761292,0.04833495
02-02-21 10:45,1612262709,680,-0.23608227,0.03195699,0.04620448
02-02-21 10:45,1612262709,691,-0.19560342,0.08841434,0.028095521
02-02-21 10:45,1612262709,700,-0.17536399,0.1033276,0.027030287
02-02-21 10:45,1612262709,710,-0.15192886,0.10119714,0.021704122
02-02-21 10:45,1612262709,721,-0.11890664,0.1193061,0.014247492
02-02-21 10:45,1612262709,730,-0.11997187,0.1225018,0.011051793
02-02-21 10:45,1612262709,740,-0.12955897,0.11504517,0.003595162
02-02-21 10:45,1612262709,750,-0.1338199,0.10758854,3.99E-04
02-02-21 10:45,1612262709,761,-0.1338199,0.083088174,0.004660395
02-02-21 10:45,1612262709,770,-0.11890664,0.06817491,0.00998656
02-02-21 10:45,1612262709,780,-0.09760197,0.051131185,0.012117025
02-02-21 10:45,1612262709,791,-0.04647079,0.07030538,0.021704122
02-02-21 10:45,1612262709,800,-0.013448567,0.08628388,0.04194355
02-02-21 10:45,1612262709,810,0.008921326,0.08628388,0.057922047
02-02-21 10:45,1612262709,820,0.016377958,0.10865377,0.07070484
02-02-21 10:45,1612262709,831,0.005725627,0.113979936,0.08455287
02-02-21 10:45,1612262709,840,-0.05392742,0.09161004,0.1207708
02-02-21 10:45,1612262709,850,-0.100797676,0.08734911,0.13781452
02-02-21 10:45,1612262709,861,-0.15192886,0.08202294,0.14953208
02-02-21 10:45,1612262709,870,-0.18388586,0.075631544,0.15592349
02-02-21 10:45,1612262709,881,-0.23821273,0.036217924,0.16870628
02-02-21 10:45,1612262709,891,-0.2519276,0.001065233,0.15379302
02-02-21 10:45,1612262709,900,-0.24460414,0.009587097,0.12929265
02-02-21 10:45,1612262709,910,-0.20945144,0.037283156,0.08455287
02-02-21 10:45,1612262709,921,-0.16258119,0.046870254,0.04194355
02-02-21 10:45,1612262709,931,-0.114645705,0.051131185,0.022769356
02-02-21 10:45,1612262709,941,-0.064579755,0.057522584,0.008921326
02-02-21 10:45,1612262709,950,-0.029427063,0.06284875,0.006790861
02-02-21 10:45,1612262709,961,0.003595162,0.060718283,0.012117025
02-02-21 10:45,1612262709,970,0.021704122,0.056457352,0.017443191
02-02-21 10:45,1612262709,981,0.02063889,0.06391398,0.021704122
02-02-21 10:45,1612262709,990,-0.001731004,0.07350108,0.024899822
02-02-21 10:45,1612262709,1001,-0.061384052,0.06604445,0.04087832
02-02-21 10:45,1612262709,1011,-0.10505861,0.052196417,0.054726347
02-02-21 10:45,1612262709,1020,-0.19027725,0.023435127,0.08774857
02-02-21 10:45,1612262709,1031,-0.2519276,-0.027696058,0.11011846
02-02-21 10:45,1612262709,1040,-0.2838846,-0.06391398,0.107988
02-02-21 10:45,1612262709,1050,-0.27536273,-0.07989248,0.08455287
02-02-21 10:45,1612262709,1061,-0.24886507,-0.099066675,0.06537867
02-02-21 10:45,1612262709,1070,-0.19347295,-0.13621667,0.03768262
02-02-21 10:45,1612262709,1080,-0.13275467,-0.15432563,0.016377958
02-02-21 10:45,1612262709,1091,-0.05392742,-0.13941237,-0.012383334
02-02-21 10:45,1612262709,1100,0.015312725,-0.1033276,-0.036883693
02-02-21 10:45,1612262709,1111,0.05898728,-0.075631544,-0.037948925
02-02-21 10:45,1612262709,1122,0.06963961,-0.075631544,-0.0177095
02-02-21 10:45,1612262709,1130,0.05366111,-0.06604445,0.013182258
02-02-21 10:45,1612262709,1141,0.024899822,-0.053261653,0.03555215
02-02-21 10:45,1612262709,1150,-0.018774733,-0.058587816,0.05366111
02-02-21 10:45,1612262709,1161,-0.051796954,-0.07030538,0.06537867
02-02-21 10:45,1612262709,1171,-0.10931954,-0.057522584,0.030225987
02-02-21 10:45,1612262709,1180,-0.13168943,-0.044739787,0.006790861
02-02-21 10:45,1612262709,1191,-0.17536399,-0.046870254,-0.02516613
02-02-21 10:45,1612262710,1200,-0.21371238,-0.058587816,-0.040079392
02-02-21 10:45,1612262710,1211,-0.2742975,-0.07882725,-0.05925359
02-02-21 10:45,1612262710,1220,-0.3169068,-0.07989248,-0.07416685
02-02-21 10:45,1612262710,1230,-0.3201025,-0.08095771,-0.07416685
02-02-21 10:45,1612262710,1240,-0.2966674,-0.07030538,-0.063514516
02-02-21 10:45,1612262710,1251,-0.26684088,-0.07243585,-0.040079392
02-02-21 10:45,1612262710,1260,-0.21051668,-0.08095771,-0.0177095
02-02-21 10:45,1612262710,1270,-0.1497984,-0.04580502,-0.001731004
02-02-21 10:45,1612262710,1281,-0.10931954,-0.027696058,0.012117025
02-02-21 10:45,1612262710,1290,-0.09973244,-0.037283156,0.019573657
02-02-21 10:45,1612262710,1300,-0.10505861,-0.037283156,0.022769356
02-02-21 10:45,1612262710,1311,-0.11571094,-0.057522584,0.032356452
02-02-21 10:45,1612262710,1320,-0.122102335,-0.083088174,0.03874785
02-02-21 10:45,1612262710,1333,-0.12636326,-0.08415341,0.03555215
02-02-21 10:45,1612262710,1341,-0.12316757,-0.07137061,0.032356452
02-02-21 10:45,1612262710,1350,-0.12529804,-0.055392116,0.03129122
02-02-21 10:45,1612262710,1360,-0.1274285,-0.06604445,0.04087832
02-02-21 10:45,1612262710,1371,-0.12529804,-0.07137061,0.03874785
02-02-21 10:45,1612262710,1380,-0.10931954,-0.05965305,0.044074018
02-02-21 10:45,1612262710,1390,-0.08375394,-0.054326884,0.029160755
02-02-21 10:45,1612262710,1400,-0.04220986,-0.047935486,0.011051793
02-02-21 10:45,1612262710,1411,-0.00386147,-0.036217924,-0.007057169
02-02-21 10:45,1612262710,1420,0.015312725,-0.030891757,-0.0177095
02-02-21 10:45,1612262710,1430,0.03874785,-0.022369893,-0.023035664
02-02-21 10:45,1612262710,1441,0.047269717,-0.02130466,-0.00386147
02-02-21 10:45,1612262710,1450,0.04513925,-0.020239428,0.002529929
02-02-21 10:45,1612262710,1461,0.03768262,-0.019174194,0.02063889
02-02-21 10:45,1612262710,1470,0.024899822,-0.04580502,0.04620448
02-02-21 10:45,1612262710,1480,0.024899822,-0.056457352,0.04620448
02-02-21 10:45,1612262710,1491,0.03129122,-0.06497922,0.03448692
02-02-21 10:45,1612262710,1500,0.039813083,-0.07882725,0.017443191
02-02-21 10:45,1612262710,1511,0.05259588,-0.09480574,-0.00386147
02-02-21 10:45,1612262710,1520,0.062182978,-0.10119714,-0.0177095
02-02-21 10:45,1612262710,1531,0.06963961,-0.0969362,-0.016644266
02-02-21 10:45,1612262710,1540,0.062182978,-0.08202294,-0.012383334
02-02-21 10:45,1612262710,1552,0.051530648,-0.06604445,0.001464695
02-02-21 10:45,1612262710,1560,0.027030287,-0.06710968,0.021704122
02-02-21 10:45,1612262710,1571,0.002529929,-0.07243585,0.03448692
02-02-21 10:45,1612262710,1580,-0.015579033,-0.07882725,0.029160755
02-02-21 10:45,1612262710,1591,-0.012383334,-0.058587816,0.004660395
02-02-21 10:45,1612262710,1600,3.99E-04,-0.04580502,-0.02197043
02-02-21 10:45,1612262710,1611,0.015312725,-0.034087457,-0.029427063
02-02-21 10:45,1612262710,1620,0.023834588,-0.026630826,-0.019839965
02-02-21 10:45,1612262710,1631,0.025965055,0.002130466,0.023834588
02-02-21 10:45,1612262710,1641,0.02063889,0.005326165,0.04513925
02-02-21 10:45,1612262710,1650,0.003595162,0.001065233,0.08774857
02-02-21 10:45,1612262710,1661,-0.0177095,-0.005326165,0.12183603
02-02-21 10:45,1612262710,1670,-0.028361829,-0.015978495,0.14740162
02-02-21 10:45,1612262710,1681,-0.020905199,-0.01065233,0.14633639
02-02-21 10:45,1612262710,1690,-0.009187635,-0.007456631,0.12609696
02-02-21 10:45,1612262710,1701,0.002529929,-0.02130466,0.10053137
02-02-21 10:45,1612262710,1711,0.006790861,-0.037283156,0.07603101
02-02-21 10:45,1612262710,1721,0.016377958,-0.041544087,0.057922047
02-02-21 10:45,1612262710,1731,0.024899822,-0.04260932,0.05259588
02-02-21 10:45,1612262710,1741,0.047269717,-0.051131185,0.04833495
02-02-21 10:45,1612262710,1750,0.04940018,-0.047935486,0.04833495
02-02-21 10:45,1612262710,1760,0.06857438,-0.027696058,0.03129122
02-02-21 10:45,1612262710,1770,0.07390054,-0.014913263,0.030225987
02-02-21 10:45,1612262710,1781,0.057922047,-0.01065233,0.044074018
02-02-21 10:45,1612262710,1791,0.03448692,-0.017043728,0.05898728
02-02-21 10:45,1612262710,1800,0.012117025,-0.013848029,0.07070484
02-02-21 10:45,1612262710,1811,0.005725627,-0.01065233,0.06644391
02-02-21 10:45,1612262710,1821,-0.011318101,-0.004260932,0.036617383
02-02-21 10:45,1612262710,1831,-0.0145138,-0.023435127,0.00998656
02-02-21 10:45,1612262710,1840,-0.0145138,-0.025565593,-0.016644266
02-02-21 10:45,1612262710,1850,0.004660395,-0.029826526,-0.040079392
02-02-21 10:45,1612262710,1860,0.028095521,-0.034087457,-0.064579755
02-02-21 10:45,1612262710,1871,0.04940018,-0.018108962,-0.07416685
02-02-21 10:45,1612262710,1881,0.05366111,-0.01065233,-0.069905914
02-02-21 10:45,1612262710,1891,0.047269717,-0.01065233,-0.047536023
02-02-21 10:45,1612262710,1900,0.019573657,-0.005326165,-0.02197043
02-02-21 10:45,1612262710,1911,-0.004926703,-0.013848029,-0.008122402
02-02-21 10:45,1612262710,1920,-0.03901416,-0.012782796,0.006790861
02-02-21 10:45,1612262710,1930,-0.050731722,0.003195699,0.006790861
02-02-21 10:45,1612262710,1941,-0.04966649,-0.004260932,0.005725627
02-02-21 10:45,1612262710,1950,-0.041144624,-0.02130466,-0.001731004
02-02-21 10:45,1612262710,1960,-0.02197043,-0.025565593,-0.026231363
02-02-21 10:45,1612262710,1970,0.006790861,-0.012782796,-0.061384052
02-02-21 10:45,1612262710,1981,0.03129122,-0.006391398,-0.078427784
02-02-21 10:45,1612262710,1991,0.057922047,-0.01065233,-0.08694965
02-02-21 10:45,1612262710,2000,0.07816147,-0.005326165,-0.078427784
02-02-21 10:45,1612262710,2011,0.082422405,-0.001065233,-0.05712312
02-02-21 10:45,1612262710,2021,0.082422405,0.008521864,-0.020905199
02-02-21 10:45,1612262710,2030,0.08029194,0.012782796,0.023834588
02-02-21 10:45,1612262710,2040,0.08029194,0.013848029,0.039813083
02-02-21 10:45,1612262710,2051,0.06537867,0.012782796,0.061117746
02-02-21 10:45,1612262710,2060,0.05685681,0.002130466,0.061117746
02-02-21 10:45,1612262710,2070,0.03555215,-0.018108962,0.032356452
02-02-21 10:45,1612262710,2081,0.016377958,-0.024500359,-0.005991936
02-02-21 10:45,1612262710,2091,0.003595162,-0.018108962,-0.018774733
02-02-21 10:45,1612262710,2100,-0.02516613,-0.027696058,-0.032622762
02-02-21 10:45,1612262710,2111,-0.044340324,-0.023435127,-0.032622762
02-02-21 10:45,1612262710,2121,-0.07523208,-0.02130466,-0.020905199
02-02-21 10:45,1612262710,2130,-0.10292814,-0.013848029,0.001464695
02-02-21 10:45,1612262710,2140,-0.11997187,0.02130466,0.024899822
02-02-21 10:45,1612262710,2151,-0.1210371,0.028761292,0.036617383
02-02-21 10:45,1612262710,2160,-0.114645705,0.024500359,0.04513925
02-02-21 10:45,1612262710,2171,-0.09014534,0.028761292,0.014247492
02-02-21 10:45,1612262710,2181,-0.05605789,0.033022225,-0.028361829
02-02-21 10:45,1612262710,2190,-0.034753226,0.024500359,-0.06031882
02-02-21 10:45,1612262711,2200,-0.009187635,0.020239428,-0.09547151
02-02-21 10:45,1612262711,2211,-6.66E-04,0.014913263,-0.11358047
02-02-21 10:45,1612262711,2220,-0.004926703,-0.002130466,-0.10292814
02-02-21 10:45,1612262711,2231,-0.009187635,-0.01065233,-0.07416685
02-02-21 10:45,1612262711,2240,-0.008122402,-0.013848029,-0.0145138
02-02-21 10:45,1612262711,2251,0.006790861,-0.004260932,0.013182258
02-02-21 10:45,1612262711,2261,0.032356452,0.003195699,0.061117746
02-02-21 10:45,1612262711,2271,0.051530648,-0.004260932,0.0920095
02-02-21 10:45,1612262711,2281,0.06431344,-0.011717564,0.10053137
02-02-21 10:45,1612262711,2290,0.07390054,-0.020239428,0.09733567
02-02-21 10:45,1612262711,2300,0.08029194,-0.014913263,0.06431344
02-02-21 10:45,1612262711,2311,0.061117746,-0.025565593,0.005725627
02-02-21 10:45,1612262711,2320,0.03555215,-0.050065953,-0.012383334
02-02-21 10:45,1612262711,2330,0.013182258,-0.07243585,-0.029427063
02-02-21 10:45,1612262711,2341,-0.0177095,-0.08415341,-0.041144624
02-02-21 10:45,1612262711,2350,-0.032622762,-0.08734911,-0.04540556
02-02-21 10:45,1612262711,2361,-0.03155753,-0.051131185,-0.04327509
02-02-21 10:45,1612262711,2371,-0.026231363,-0.028761292,-0.03901416
02-02-21 10:45,1612262711,2381,-0.020905199,-0.004260932,-0.008122402
02-02-21 10:45,1612262711,2390,-0.023035664,0,0.028095521
02-02-21 10:45,1612262711,2401,-0.029427063,-0.001065233,0.062182978
02-02-21 10:45,1612262711,2411,-0.034753226,0.007456631,0.06537867
02-02-21 10:45,1612262711,2420,-0.03901416,0.009587097,0.06324821
02-02-21 10:45,1612262711,2431,-0.040079392,-0.013848029,0.06005251
02-02-21 10:45,1612262711,2440,-0.04966649,-0.040478855,0.06644391
02-02-21 10:45,1612262711,2451,-0.05286219,-0.07456631,0.07283531
02-02-21 10:45,1612262711,2461,-0.044340324,-0.1033276,0.07177007
02-02-21 10:45,1612262711,2470,-0.037948925,-0.113979936,0.06857438
02-02-21 10:45,1612262711,2481,-0.010252868,-0.12449911,0.05366111
02-02-21 10:45,1612262711,2490,0.007856093,-0.106523305,0.03555215
02-02-21 10:45,1612262711,2501,0.039813083,-0.106523305,0.036617383
02-02-21 10:45,1612262711,2511,0.03874785,-0.111849464,0.043008782
02-02-21 10:45,1612262711,2520,-6.66E-04,-0.146869,0.05579158
02-02-21 10:45,1612262711,2530,0.002529929,-0.19586973,0.05579158
02-02-21 10:45,1612262711,2541,0.025965055,-0.13195574,0.04513925
02-02-21 10:45,1612262711,2550,0.044074018,-0.033022225,0.018508423
02-02-21 10:45,1612262711,2561,0.027030287,-0.06710968,0.00998656
02-02-21 10:45,1612262711,2571,-0.005991936,-0.076696776,0.02063889
02-02-21 10:45,1612262711,2580,-0.05712312,-0.099066675,0.043008782
02-02-21 10:45,1612262711,2591,-0.085884415,-0.098001435,0.062182978
02-02-21 10:45,1612262711,2600,-0.10399337,-0.10758854,0.07283531
02-02-21 10:45,1612262711,2611,-0.11358047,-0.0969362,0.05579158
02-02-21 10:45,1612262711,2620,-0.11145,-0.060718283,0.028095521
02-02-21 10:45,1612262711,2631,-0.11997187,-0.05965305,0.008921326
02-02-21 10:45,1612262711,2640,-0.13275467,-0.08415341,0.011051793
02-02-21 10:45,1612262711,2651,-0.1497984,-0.08841434,0.02063889
02-02-21 10:45,1612262711,2660,-0.1561898,-0.09161004,0.025965055
02-02-21 10:45,1612262711,2671,-0.15832026,-0.076696776,0.03448692
02-02-21 10:45,1612262711,2680,-0.16151595,-0.07350108,0.044074018
02-02-21 10:45,1612262711,2690,-0.1657769,-0.08734911,0.05366111
02-02-21 10:45,1612262711,2701,-0.16151595,-0.10013191,0.05366111
02-02-21 10:45,1612262711,2711,-0.15405932,-0.12343387,0.047269717
02-02-21 10:45,1612262711,2720,-0.13488513,-0.14473854,0.028095521
02-02-21 10:45,1612262711,2731,-0.12636326,-0.15539087,0.016377958
02-02-21 10:45,1612262711,2740,-0.09440628,-0.1884131,-0.026231363
02-02-21 10:45,1612262711,2750,-0.08055825,-0.19906542,-0.05392742
02-02-21 10:45,1612262711,2761,-0.06671022,-0.19373925,-0.07310162
02-02-21 10:45,1612262711,2771,-0.06564499,-0.19373925,-0.07523208
02-02-21 10:45,1612262711,2780,-0.07310162,-0.1884131,-0.077362545
02-02-21 10:45,1612262711,2791,-0.08694965,-0.1532604,-0.072036386
02-02-21 10:45,1612262711,2801,-0.1402113,-0.1193061,-0.04647079
02-02-21 10:45,1612262711,2811,-0.16045073,-0.11824086,-0.028361829
02-02-21 10:45,1612262711,2821,-0.19560342,-0.1436733,0.05579158
02-02-21 10:45,1612262711,2831,-0.19134249,-0.14260808,0.07709624
02-02-21 10:45,1612262711,2840,-0.16471165,-0.109719,0.10692277
02-02-21 10:45,1612262711,2851,-0.11251524,-0.07456631,0.12716219
02-02-21 10:45,1612262711,2860,-0.072036386,-0.06817491,0.13674928
02-02-21 10:45,1612262711,2871,-0.03155753,-0.08521864,0.15698871
02-02-21 10:45,1612262711,2881,-0.00386147,-0.10119714,0.17403245
02-02-21 10:45,1612262711,2891,0.018508423,-0.111849464,0.18894571
02-02-21 10:45,1612262711,2901,0.03129122,-0.12876004,0.20585628
02-02-21 10:45,1612262711,2911,0.03555215,-0.15219517,0.21863908
02-02-21 10:45,1612262711,2920,0.04940018,-0.14793424,0.21970432
02-02-21 10:45,1612262711,2930,0.05685681,-0.146869,0.21544337
02-02-21 10:45,1612262711,2941,0.06963961,-0.13195574,0.20585628
02-02-21 10:45,1612262711,2950,0.06963961,-0.146869,0.19946489
02-02-21 10:45,1612262711,2961,0.06857438,-0.15432563,0.20266058
02-02-21 10:45,1612262711,2971,0.05685681,-0.16604319,0.20585628
02-02-21 10:45,1612262711,2981,0.04087832,-0.1852174,0.21224768
02-02-21 10:45,1612262711,2990,0.03448692,-0.21291345,0.20905198
02-02-21 10:45,1612262711,3000,0.023834588,-0.21078299,0.18468477
02-02-21 10:45,1612262711,3010,0.03129122,-0.19373925,0.15379302
02-02-21 10:45,1612262711,3021,0.03874785,-0.18308693,0.13142313
02-02-21 10:45,1612262711,3031,0.043008782,-0.17030413,0.12609696
02-02-21 10:45,1612262711,3041,0.047269717,-0.1532604,0.14101022
02-02-21 10:45,1612262711,3050,0.039813083,-0.1564561,0.16551058
02-02-21 10:45,1612262711,3060,0.03874785,-0.16391273,0.19001094
02-02-21 10:45,1612262711,3071,0.07177007,-0.15432563,0.20798674
02-02-21 10:45,1612262711,3081,0.09946613,-0.1532604,0.21224768
02-02-21 10:45,1612262711,3091,0.23901166,-0.11717563,0.20798674
02-02-21 10:45,1612262711,3100,0.3741631,-0.10013191,0.21011722
02-02-21 10:45,1612262711,3111,0.5595136,-0.06284875,0.18894571
02-02-21 10:45,1612262711,3120,0.6521889,-0.027696058,0.15059732
02-02-21 10:45,1612262711,3130,0.74060327,-0.01065233,0.10692277
02-02-21 10:45,1612262711,3141,0.7597774,-0.018108962,0.07283531
02-02-21 10:45,1612262711,3150,0.7331466,-0.050065953,0.023834588
02-02-21 10:45,1612262711,3160,0.5967968,-0.1193061,-0.08694965
02-02-21 10:45,1612262711,3171,0.53501326,-0.13941237,-0.12636326
02-02-21 10:45,1612262711,3180,0.35299158,-0.1852174,-0.20945144
02-02-21 10:45,1612262711,3191,0.30718657,-0.1852174,-0.22329947
02-02-21 10:45,1612262712,3201,0.2368812,-0.09480574,-0.22542994
02-02-21 10:45,1612262712,3210,0.22835933,-0.08415341,-0.20092958
02-02-21 10:45,1612262712,3221,0.25499016,-0.027696058,-0.11358047
02-02-21 10:45,1612262712,3230,0.2922733,0.05965305,-0.09653674
02-02-21 10:45,1612262712,3240,0.31251273,0.1288932,-0.09227581
02-02-21 10:45,1612262712,3250,0.3114475,0.16511112,-0.08375394
02-02-21 10:45,1612262712,3260,0.28375146,0.18854624,-0.064579755
02-02-21 10:45,1612262712,3271,0.25605538,0.20239428,-0.04647079
02-02-21 10:45,1612262712,3281,0.18575001,0.22156847,-0.015579033
02-02-21 10:45,1612262712,3290,0.13674928,0.22476417,0.011051793
02-02-21 10:45,1612262712,3300,0.111183695,0.23648173,0.030225987
02-02-21 10:45,1612262712,3310,0.118640326,0.26204732,0.03448692
02-02-21 10:45,1612262712,3321,0.14207545,0.3355484,0.032356452
02-02-21 10:45,1612262712,3331,0.17083675,0.36963585,0.03874785
02-02-21 10:45,1612262712,3340,0.18468477,0.3877448,0.06324821
02-02-21 10:45,1612262712,3350,0.19640234,0.41224518,0.0952052
02-02-21 10:45,1612262712,3361,0.19001094,0.4101147,0.13994499
02-02-21 10:45,1612262712,3370,0.18361954,0.38241866,0.18148908
02-02-21 10:45,1612262712,3380,0.18894571,0.3877448,0.19946489
02-02-21 10:45,1612262712,3391,0.1825543,0.42076704,0.20692152
02-02-21 10:45,1612262712,3400,0.16551058,0.43141937,0.21863908
02-02-21 10:45,1612262712,3411,0.13035789,0.45272404,0.22183478
02-02-21 10:45,1612262712,3420,0.0984009,0.47509393,0.23461758
02-02-21 10:45,1612262712,3431,0.02063889,0.43035415,0.32196668
02-02-21 10:45,1612262712,3440,-0.018774733,0.40265808,0.36564124
02-02-21 10:45,1612262712,3451,-0.05605789,0.393071,0.40185916
02-02-21 10:45,1612262712,3460,-0.06777545,0.40052763,0.4029244
02-02-21 10:45,1612262712,3471,-0.08801488,0.3834839,0.37842402
02-02-21 10:45,1612262712,3480,-0.10399337,0.35365736,0.3059882
02-02-21 10:45,1612262712,3490,-0.10186291,0.32063514,0.25272653
02-02-21 10:45,1612262712,3501,-0.09547151,0.2577864,0.20798674
02-02-21 10:45,1612262712,3510,-0.08162348,0.21837278,0.16231488
02-02-21 10:45,1612262712,3521,-0.08481918,0.20558998,0.13781452
02-02-21 10:45,1612262712,3530,-0.09440628,0.17576344,0.13887976
02-02-21 10:45,1612262712,3540,-0.10292814,0.1256975,0.17296721
02-02-21 10:45,1612262712,3552,-0.11038477,0.07776201,0.20053011
02-02-21 10:45,1612262712,3562,-0.10399337,-0.06284875,0.24953084
02-02-21 10:45,1612262712,3571,-0.044340324,-0.1532604,0.25059608
02-02-21 10:45,1612262712,3581,0.06857438,-0.17136936,0.2229
02-02-21 10:45,1612262712,3592,0.14527115,-0.16710843,0.20905198
02-02-21 10:45,1612262712,3600,0.4039896,-0.14154284,0.18788047
02-02-21 10:45,1612262712,3611,0.5488613,-0.10758854,0.19214141
02-02-21 10:45,1612262712,3620,0.647928,-0.06710968,0.19946489
02-02-21 10:45,1612262712,3630,0.661776,-0.052196417,0.23248711
02-02-21 10:45,1612262712,3641,0.6276886,-0.060718283,0.26231363
02-02-21 10:45,1612262712,3650,0.49559966,-0.083088174,0.30811864
02-02-21 10:45,1612262712,3661,0.3613803,-0.08628388,0.3347495
02-02-21 10:45,1612262712,3670,0.22196794,-0.09480574,0.35285845
02-02-21 10:45,1612262712,3680,0.09946613,-0.11717563,0.3773588
02-02-21 10:45,1612262712,3691,0.06005251,-0.13515145,0.38268498
02-02-21 10:45,1612262712,3700,0.08348764,-0.10119714,0.34114087
02-02-21 10:45,1612262712,3711,0.10585753,-0.08202294,0.3091839
02-02-21 10:45,1612262712,3720,0.22303316,-0.06604445,0.21224768
02-02-21 10:45,1612262712,3730,0.2794905,-0.09161004,0.16657582
02-02-21 10:45,1612262712,3742,0.39227206,-0.1193061,0.08455287
02-02-21 10:45,1612262712,3751,0.4295552,-0.1308905,0.06324821
02-02-21 10:45,1612262712,3760,0.4902735,-0.13834713,0.016377958
02-02-21 10:45,1612262712,3771,0.5126434,-0.098001435,-0.026231363
02-02-21 10:45,1612262712,3780,0.47216454,-0.06284875,-0.058188353
02-02-21 10:45,1612262712,3790,0.37522835,-0.04260932,-0.09653674
02-02-21 10:45,1612262712,3801,0.2336855,0,-0.12849373
02-02-21 10:45,1612262712,3810,0.025965055,0.052196417,-0.13488513
02-02-21 10:45,1612262712,3820,-0.09547151,0.076696776,-0.1274285
02-02-21 10:45,1612262712,3831,-0.22542994,0.08628388,-0.09760197
02-02-21 10:45,1612262712,3840,-0.30092832,0.075631544,-0.078427784
02-02-21 10:45,1612262712,3851,-0.32649392,0.07882725,-0.078427784
02-02-21 10:45,1612262712,3860,-0.3169068,0.075631544,-0.09440628
02-02-21 10:45,1612262712,3870,-0.25938424,0.069240145,-0.15725502
02-02-21 10:45,1612262712,3880,-0.20519051,0.028761292,-0.20945144
02-02-21 10:45,1612262712,3891,-0.17110306,-0.008521864,-0.2627131
02-02-21 10:45,1612262712,3901,-0.15086363,-0.020239428,-0.29360485
02-02-21 10:45,1612262712,3910,-0.12529804,-0.069240145,-0.29786578
02-02-21 10:45,1612262712,3920,-0.09440628,-0.090544805,-0.30106148
02-02-21 10:45,1612262712,3931,-0.06671022,-0.06817491,-0.31490952
02-02-21 10:45,1612262712,3940,-0.0177095,-0.033022225,-0.28721344
02-02-21 10:45,1612262712,3951,0.006790861,-0.057522584,-0.2339518
02-02-21 10:45,1612262712,3960,0.017443191,-0.07243585,-0.21584284
02-02-21 10:45,1612262712,3971,0.030225987,-0.06391398,-0.22329947
02-02-21 10:45,1612262712,3980,0.028095521,-0.09480574,-0.24247366
02-02-21 10:45,1612262712,3990,0.021704122,-0.17669553,-0.24993029
02-02-21 10:45,1612262712,4001,0.03129122,-0.23741381,-0.27762637
02-02-21 10:45,1612262712,4011,0.07283531,-0.24487044,-0.32343137
02-02-21 10:45,1612262712,4020,0.12396649,-0.22250055,-0.35432315
02-02-21 10:45,1612262712,4030,0.19746757,-0.15539087,-0.35858408
02-02-21 10:45,1612262712,4040,0.26351202,-0.10013191,-0.29040915
02-02-21 10:45,1612262712,4050,0.28481668,-0.07989248,-0.21264714
02-02-21 10:45,1612262712,4061,0.29759946,-0.034087457,-0.15405932
02-02-21 10:45,1612262712,4070,0.2890776,0.022369893,-0.09653674
02-02-21 10:45,1612262712,4081,0.26138157,0.075631544,-0.04327509
02-02-21 10:45,1612262712,4090,0.21025036,0.16511112,0.025965055
02-02-21 10:45,1612262712,4100,0.17509767,0.18854624,0.04833495
02-02-21 10:45,1612262712,4110,0.06644391,0.1938724,0.117575094
02-02-21 10:45,1612262712,4120,0.015312725,0.18322007,0.1697715
02-02-21 10:45,1612262712,4130,-0.010252868,0.16724159,0.22183478
02-02-21 10:45,1612262712,4142,-0.012383334,0.13848029,0.2804226
02-02-21 10:45,1612262712,4150,0.00998656,0.120371334,0.32516238
02-02-21 10:45,1612262712,4161,0.0856181,0.106523305,0.36351076
02-02-21 10:45,1612262712,4170,0.18788047,0.090544805,0.3709674
02-02-21 10:45,1612262712,4180,0.2794905,0.040478855,0.34646705
02-02-21 10:45,1612262712,4190,0.34873065,-0.08841434,0.254857
02-02-21 10:45,1612262713,4201,0.36670646,-0.14473854,0.19214141
02-02-21 10:45,1612262713,4210,0.43062046,-0.21610916,-0.004926703
02-02-21 10:45,1612262713,4221,0.50092584,-0.26084894,-0.16258119
02-02-21 10:45,1612262713,4230,0.51690435,-0.28108835,-0.23927797
02-02-21 10:45,1612262713,4241,0.4838821,-0.29067546,-0.27230018
02-02-21 10:45,1612262713,4250,0.4061201,-0.2960016,-0.27230018
02-02-21 10:45,1612262713,4261,0.2890776,-0.28747976,-0.26910448
02-02-21 10:45,1612262713,4270,0.16018441,-0.24380521,-0.26484355
02-02-21 10:45,1612262713,4281,0.022769356,-0.22463101,-0.2403432
02-02-21 10:45,1612262713,4290,-0.11038477,-0.2629794,-0.22010377
02-02-21 10:45,1612262713,4301,-0.2147776,-0.29067546,-0.20519051
02-02-21 10:45,1612262713,4311,-0.26257995,-0.31837153,-0.20519051
02-02-21 10:45,1612262713,4320,-0.2519276,-0.31517583,-0.21903855
02-02-21 10:45,1612262713,4330,-0.16790736,-0.28854498,-0.23288657
02-02-21 10:45,1612262713,4341,-0.06671022,-0.28108835,-0.22223423
02-02-21 10:45,1612262713,4351,0.044074018,-0.26830557,-0.19986434
02-02-21 10:45,1612262713,4360,0.14740162,-0.23634858,-0.17110306
02-02-21 10:45,1612262713,4370,0.2272941,-0.20439158,-0.13275467
02-02-21 10:45,1612262713,4381,0.27736005,-0.17989123,-0.08908011
02-02-21 10:45,1612262713,4391,0.30292565,-0.16817367,-0.040079392
02-02-21 10:45,1612262713,4400,0.29653424,-0.15752134,0.006790861
02-02-21 10:45,1612262713,4410,0.27309912,-0.14793424,0.039813083
02-02-21 10:45,1612262713,4420,0.21025036,-0.14473854,0.10266183
02-02-21 10:45,1612262713,4431,0.14740162,-0.13621667,0.14953208
02-02-21 10:45,1612262713,4440,0.09094427,-0.1193061,0.18681525
02-02-21 10:45,1612262713,4451,0.05579158,-0.10226237,0.21011722
02-02-21 10:45,1612262713,4460,0.03555215,-0.11078423,0.22822617
02-02-21 10:45,1612262713,4470,0.039813083,-0.112914704,0.23994374
02-02-21 10:45,1612262713,4481,0.067509145,-0.09587097,0.24633513
02-02-21 10:45,1612262713,4491,0.11650986,-0.08415341,0.25911793
02-02-21 10:45,1612262713,4500,0.17403245,-0.054326884,0.26337886
02-02-21 10:45,1612262713,4511,0.21664177,-0.02130466,0.2708355
02-02-21 10:45,1612262713,4520,0.2240984,-0.015978495,0.2804226
02-02-21 10:45,1612262713,4530,0.24753353,0.019174194,0.286814
02-02-21 10:45,1612262713,4540,0.2209027,0.043674555,0.27509642
02-02-21 10:45,1612262713,4551,0.20172851,0.049000718,0.27190074
02-02-21 10:45,1612262713,4560,0.1047923,0.030891757,0.286814
02-02-21 10:45,1612262713,4571,0.043008782,0.017043728,0.29640108
02-02-21 10:45,1612262713,4581,0.002529929,0.017043728,0.29640108
02-02-21 10:45,1612262713,4591,-0.0145138,0.026630826,0.28468353
02-02-21 10:45,1612262713,4601,-0.028361829,0.043674555,0.254857
02-02-21 10:45,1612262713,4611,-0.040079392,0.061783515,0.22503048
02-02-21 10:45,1612262713,4620,-0.054992653,0.050065953,0.20905198
02-02-21 10:45,1612262713,4631,-0.07523208,0,0.20053011
02-02-21 10:45,1612262713,4640,-0.058188353,-0.01065233,0.18681525
02-02-21 10:45,1612262713,4651,-0.0177095,0.01065233,0.17296721
02-02-21 10:45,1612262713,4660,0.03129122,0.056457352,0.17829338
02-02-21 10:45,1612262713,4672,0.06005251,0.098001435,0.21650861
02-02-21 10:45,1612262713,4680,0.05685681,0.09161004,0.2516613
02-02-21 10:45,1612262713,4690,0.047269717,0.08841434,0.2740312
02-02-21 10:45,1612262713,4701,0.03874785,0.092675276,0.24953084
02-02-21 10:45,1612262713,4710,0.03768262,0.10865377,0.18148908
02-02-21 10:45,1612262713,4721,0.028095521,0.1225018,0.10905323
02-02-21 10:45,1612262713,4731,-0.016644266,0.098001435,0.074965775
02-02-21 10:45,1612262713,4740,-0.033687994,0.09374051,0.0792267
02-02-21 10:45,1612262713,4751,-0.069905914,0.141676,0.1047923
02-02-21 10:45,1612262713,4760,-0.085884415,0.16724159,0.14953208
02-02-21 10:45,1612262713,4770,-0.09014534,0.17043728,0.19520395
02-02-21 10:45,1612262713,4781,-0.08162348,0.17682868,0.19626918
02-02-21 10:45,1612262713,4790,-0.072036386,0.17150252,0.17190199
02-02-21 10:45,1612262713,4800,-0.063514516,0.13954553,0.111183695
02-02-21 10:45,1612262713,4811,-0.06671022,0.13634983,0.05259588
02-02-21 10:45,1612262713,4820,-0.07310162,0.15232833,0.028095521
02-02-21 10:45,1612262713,4830,-0.09973244,0.13528459,0.06431344
02-02-21 10:45,1612262713,4841,-0.12849373,0.11717563,0.1143794
02-02-21 10:45,1612262713,4850,-0.13275467,0.12356703,0.16338012
02-02-21 10:45,1612262713,4861,-0.09866721,0.12356703,0.17935862
02-02-21 10:45,1612262713,4870,-0.050731722,0.15339355,0.16124965
02-02-21 10:45,1612262713,4880,-0.02197043,0.17789392,0.13674928
02-02-21 10:45,1612262713,4890,-0.028361829,0.16511112,0.13781452
02-02-21 10:45,1612262713,4901,-0.034753226,0.121436566,0.1697715
02-02-21 10:45,1612262713,4911,-0.029427063,0.111849464,0.19214141
02-02-21 10:45,1612262713,4920,0.011051793,0.14274122,0.20372581
02-02-21 10:45,1612262713,4930,0.027030287,0.14913262,0.20159535
02-02-21 10:45,1612262713,4941,0.03129122,0.15978496,0.17083675
02-02-21 10:45,1612262713,4951,-0.002796237,0.1448717,0.14207545
02-02-21 10:45,1612262713,4960,-0.072036386,0.099066675,0.118640326
02-02-21 10:45,1612262713,4970,-0.10399337,0.08521864,0.11544463
02-02-21 10:45,1612262713,4981,-0.14766793,0.043674555,0.12503172
02-02-21 10:45,1612262713,4991,-0.1497984,0.023435127,0.14420593
02-02-21 10:45,1612262713,5000,-0.12955897,0.022369893,0.16124965
02-02-21 10:45,1612262713,5010,-0.072036386,0.01065233,0.20585628
02-02-21 10:45,1612262713,5021,-0.012383334,0.005326165,0.24526991
02-02-21 10:45,1612262713,5030,0.03448692,0.01065233,0.2836183
02-02-21 10:45,1612262713,5040,0.08135717,-0.019174194,0.3123796
02-02-21 10:45,1612262713,5052,0.11331416,-0.046870254,0.31877097
02-02-21 10:45,1612262713,5060,0.17722814,-0.055392116,0.29853156
02-02-21 10:45,1612262713,5072,0.2209027,-0.058587816,0.28574875
02-02-21 10:45,1612262713,5080,0.24859875,-0.07882725,0.28787923
02-02-21 10:45,1612262713,5090,0.25285968,-0.08202294,0.28894445
02-02-21 10:45,1612262713,5100,0.25818586,-0.053261653,0.27935737
02-02-21 10:45,1612262713,5111,0.24433783,-0.002130466,0.26550934
02-02-21 10:45,1612262713,5120,0.22303316,0.02130466,0.26337886
02-02-21 10:45,1612262713,5131,0.16870628,0.036217924,0.25379178
02-02-21 10:45,1612262713,5140,0.09094427,0.036217924,0.24100897
02-02-21 10:45,1612262713,5150,0.021704122,0.041544087,0.20798674
02-02-21 10:45,1612262713,5161,-0.06031882,0.07456631,0.12396649
02-02-21 10:45,1612262713,5170,-0.09227581,0.07776201,0.082422405
02-02-21 10:45,1612262713,5180,-0.11677617,0.07243585,0.061117746
02-02-21 10:45,1612262713,5191,-0.16045073,0.07243585,0.004660395
02-02-21 10:45,1612262714,5200,-0.16684212,0.09480574,-0.011318101
02-02-21 10:45,1612262714,5211,-0.17642923,0.11824086,-0.008122402
02-02-21 10:45,1612262714,5220,-0.18175538,0.11717563,0.002529929
02-02-21 10:45,1612262714,5230,-0.19560342,0.11717563,0.015312725
02-02-21 10:45,1612262714,5241,-0.2147776,0.109719,0.022769356
02-02-21 10:45,1612262714,5251,-0.21690807,0.106523305,0.025965055
02-02-21 10:45,1612262714,5260,-0.2307561,0.08628388,0.04087832
02-02-21 10:45,1612262714,5270,-0.2275604,0.07243585,0.051530648
02-02-21 10:45,1612262714,5281,-0.20519051,0.022369893,0.082422405
02-02-21 10:45,1612262714,5292,-0.14553747,-0.018108962,0.10053137
02-02-21 10:45,1612262714,5301,-0.08481918,-0.05965305,0.096270435
02-02-21 10:45,1612262714,5310,-0.019839965,-0.16604319,0.08455287
02-02-21 10:45,1612262714,5321,0.03555215,-0.24806614,0.05579158
02-02-21 10:45,1612262714,5330,0.06324821,-0.2853493,0.03874785
02-02-21 10:45,1612262714,5341,0.11650986,-0.3599156,0.011051793
02-02-21 10:45,1612262714,5350,0.17190199,-0.41956866,0.005725627
02-02-21 10:45,1612262714,5360,0.20598944,-0.42596006,0.03555215
02-02-21 10:45,1612262714,5371,0.21557653,-0.42596006,0.054726347
02-02-21 10:45,1612262714,5381,0.22622886,-0.41211203,0.118640326
02-02-21 10:45,1612262714,5390,0.2240984,-0.41637295,0.16870628
02-02-21 10:45,1612262714,5400,0.19320664,-0.4142425,0.2229
02-02-21 10:45,1612262714,5411,0.16870628,-0.4078511,0.21118245
02-02-21 10:45,1612262714,5421,0.1207708,-0.39719877,0.17829338
02-02-21 10:45,1612262714,5430,0.024899822,-0.3886769,0.13568406
02-02-21 10:45,1612262714,5440,-0.036883693,-0.38441595,0.13248836
02-02-21 10:45,1612262714,5451,-0.11145,-0.3695027,0.14101022
02-02-21 10:45,1612262714,5460,-0.16790736,-0.3013278,0.19001094
02-02-21 10:45,1612262714,5471,-0.18069015,-0.25978372,0.2420742
02-02-21 10:45,1612262714,5480,-0.16790736,-0.21930484,0.29427063
02-02-21 10:45,1612262714,5490,-0.1242328,-0.19054356,0.31024912
02-02-21 10:45,1612262714,5501,-0.09760197,-0.18628262,0.3059882
02-02-21 10:45,1612262714,5512,-0.0177095,-0.18202169,0.28787923
02-02-21 10:45,1612262714,5520,0.044074018,-0.17030413,0.25698745
02-02-21 10:45,1612262714,5531,0.0920095,-0.17030413,0.23142187
02-02-21 10:45,1612262714,5540,0.096270435,-0.17989123,0.21544337
02-02-21 10:45,1612262714,5551,0.08135717,-0.17989123,0.18575001
02-02-21 10:45,1612262714,5560,0.043008782,-0.18308693,0.16338012
02-02-21 10:45,1612262714,5570,-0.016644266,-0.22143531,0.15911919
02-02-21 10:45,1612262714,5581,-0.06671022,-0.26510987,0.15379302
02-02-21 10:45,1612262714,5590,-0.09760197,-0.28961024,0.14207545
02-02-21 10:45,1612262714,5601,-0.10186291,-0.30878443,0.13674928
02-02-21 10:45,1612262714,5610,-0.09653674,-0.34606758,0.15166256
02-02-21 10:45,1612262714,5620,-0.08375394,-0.40252492,0.17083675
02-02-21 10:45,1612262714,5630,-0.06031882,-0.44619948,0.17616291
02-02-21 10:45,1612262714,5641,-0.00386147,-0.4983959,0.15379302
02-02-21 10:45,1612262714,5651,0.03129122,-0.5505923,0.13674928
02-02-21 10:45,1612262714,5660,0.06537867,-0.62302816,0.10266183
02-02-21 10:45,1612262714,5671,0.089879036,-0.7167687,0.06857438
02-02-21 10:45,1612262714,5681,0.12396649,-0.79865843,0.033421688
02-02-21 10:45,1612262714,5692,0.16231488,-0.81357175,-0.019839965
02-02-21 10:45,1612262714,5700,0.19427188,-0.80504984,-0.05712312
02-02-21 10:45,1612262714,5710,0.19001094,-0.80078894,-0.06777545
02-02-21 10:45,1612262714,5721,0.15698871,-0.76031005,-0.06884068
02-02-21 10:45,1612262714,5730,0.10692277,-0.69333357,-0.041144624
02-02-21 10:45,1612262714,5740,0.024899822,-0.61983246,0.04940018
02-02-21 10:45,1612262714,5751,0.024899822,-0.61983246,0.04940018
02-02-21 10:45,1612262714,5760,0.024899822,-0.61983246,0.04940018
02-02-21 10:45,1612262714,5771,-0.107189074,-0.44193855,0.21118245
02-02-21 10:45,1612262714,5780,-0.11358047,-0.3695027,0.20372581
02-02-21 10:45,1612262714,5791,-0.122102335,-0.29919732,0.20053011
02-02-21 10:45,1612262714,5800,-0.16471165,-0.24380521,0.19626918
02-02-21 10:45,1612262714,5811,-0.22649518,-0.23634858,0.19413872
02-02-21 10:45,1612262714,5820,-0.27003658,-0.22569625,0.18361954
02-02-21 10:45,1612262714,5830,-0.32116777,-0.22143531,0.17296721
02-02-21 10:45,1612262714,5840,-0.35525522,-0.22037008,0.17722814
02-02-21 10:45,1612262714,5852,-0.36910325,-0.22995718,0.18042384
02-02-21 10:45,1612262714,5861,-0.36164662,-0.23528334,0.18148908
02-02-21 10:45,1612262714,5872,-0.32329822,-0.25552276,0.16870628
02-02-21 10:45,1612262714,5880,-0.2679061,-0.2853493,0.12929265
02-02-21 10:45,1612262714,5890,-0.21903855,-0.32050198,0.096270435
02-02-21 10:45,1612262714,5900,-0.16684212,-0.34606758,0.057922047
02-02-21 10:45,1612262714,5911,-0.10186291,-0.3535242,0.02063889
02-02-21 10:45,1612262714,5920,-0.04860126,-0.36524177,-0.011318101
02-02-21 10:45,1612262714,5931,-0.027296597,-0.36737224,-0.033687994
02-02-21 10:45,1612262714,5940,-0.028361829,-0.38335073,-0.04540556
02-02-21 10:45,1612262714,5952,-0.06031882,-0.3950683,-0.05925359
02-02-21 10:45,1612262714,5961,-0.08694965,-0.41637295,-0.07097115
02-02-21 10:45,1612262714,5970,-0.13808084,-0.4557866,-0.061384052
02-02-21 10:45,1612262714,5981,-0.15832026,-0.4888088,-0.054992653
02-02-21 10:45,1612262714,5991,-0.1561898,-0.48774356,-0.06564499
02-02-21 10:45,1612262714,6000,-0.1306242,-0.48348263,-0.085884415
02-02-21 10:45,1612262714,6011,-0.09014534,-0.47815648,-0.09121058
02-02-21 10:45,1612262714,6020,-0.040079392,-0.46963462,-0.09440628
02-02-21 10:45,1612262714,6030,0.025965055,-0.44939518,-0.09866721
02-02-21 10:45,1612262714,6040,0.04620448,-0.44193855,-0.08694965
02-02-21 10:45,1612262714,6051,0.04940018,-0.43448192,-0.06884068
02-02-21 10:45,1612262714,6060,0.03768262,-0.41530773,-0.050731722
02-02-21 10:45,1612262714,6070,0.016377958,-0.36417654,-0.0177095
02-02-21 10:45,1612262714,6081,-0.010252868,-0.31837153,0.018508423
02-02-21 10:45,1612262714,6091,-0.033687994,-0.30239302,0.036617383
02-02-21 10:45,1612262714,6100,-0.07523208,-0.25232708,0.08455287
02-02-21 10:45,1612262714,6111,-0.09440628,-0.21823962,0.10905323
02-02-21 10:45,1612262714,6121,-0.114645705,-0.20758729,0.13248836
02-02-21 10:45,1612262714,6131,-0.1242328,-0.22995718,0.15166256
02-02-21 10:45,1612262714,6140,-0.08481918,-0.24167474,0.13142313
02-02-21 10:45,1612262714,6151,-0.03581846,-0.23847905,0.09094427
02-02-21 10:45,1612262714,6160,-6.66E-04,-0.23528334,0.057922047
02-02-21 10:45,1612262714,6170,0.023834588,-0.24487044,0.04194355
02-02-21 10:45,1612262714,6181,0.008921326,-0.25978372,0.061117746
02-02-21 10:45,1612262714,6190,-0.034753226,-0.2917407,0.103727065
02-02-21 10:45,1612262715,6200,-0.058188353,-0.24593568,0.08455287
02-02-21 10:45,1612262715,6210,-0.06777545,-0.2470009,0.06857438
02-02-21 10:45,1612262715,6221,-0.07310162,-0.25126183,0.07177007
02-02-21 10:45,1612262715,6231,-0.09121058,-0.26724035,0.09946613
02-02-21 10:45,1612262715,6240,-0.09760197,-0.26510987,0.11650986
02-02-21 10:45,1612262715,6250,-0.08694965,-0.28108835,0.1207708
02-02-21 10:45,1612262715,6260,-0.04220986,-0.30345824,0.10905323
02-02-21 10:45,1612262715,6271,0.018508423,-0.24060951,0.054726347
02-02-21 10:45,1612262715,6280,0.04620448,-0.19693495,0.022769356
02-02-21 10:45,1612262715,6290,0.074965775,-0.13834713,-0.013448567
02-02-21 10:45,1612262715,6300,0.00998656,-0.11717563,0.008921326
02-02-21 10:45,1612262715,6310,-0.029427063,-0.111849464,0.027030287
02-02-21 10:45,1612262715,6321,-0.114645705,-0.09161004,0.05898728
02-02-21 10:45,1612262715,6330,-0.15192886,-0.03195699,0.07070484
02-02-21 10:45,1612262715,6340,-0.16790736,-0.023435127,0.089879036
02-02-21 10:45,1612262715,6351,-0.17642923,-0.030891757,0.10585753
02-02-21 10:45,1612262715,6360,-0.16045073,-0.037283156,0.10053137
02-02-21 10:45,1612262715,6370,-0.108254306,-0.028761292,0.0856181
02-02-21 10:45,1612262715,6381,-0.04540556,-0.038348388,0.06431344
02-02-21 10:45,1612262715,6390,0.014247492,-0.058587816,0.04513925
02-02-21 10:45,1612262715,6400,0.06644391,-0.05965305,0.014247492
02-02-21 10:45,1612262715,6411,0.1047923,-0.07882725,0.011051793
02-02-21 10:45,1612262715,6420,0.10905323,-0.13834713,0.039813083
02-02-21 10:45,1612262715,6430,0.10266183,-0.19906542,0.062182978
02-02-21 10:45,1612262715,6441,0.11544463,-0.23847905,0.061117746
02-02-21 10:45,1612262715,6450,0.14420593,-0.2470009,0.023834588
02-02-21 10:45,1612262715,6461,0.19746757,-0.18415216,-0.04540556
02-02-21 10:45,1612262715,6470,0.22622886,-0.10226237,-0.09227581
02-02-21 10:45,1612262715,6480,0.2081199,-0.050065953,-0.09973244
02-02-21 10:45,1612262715,6491,0.09946613,-0.008521864,-0.04327509
02-02-21 10:45,1612262715,6500,-0.018774733,-0.001065233,0.033421688
02-02-21 10:45,1612262715,6510,-0.11890664,0.025565593,0.08668334
02-02-21 10:45,1612262715,6521,-0.16471165,0.040478855,0.111183695
02-02-21 10:45,1612262715,6530,-0.18282062,0.043674555,0.096270435
02-02-21 10:45,1612262715,6541,-0.17323352,0.040478855,0.07709624
02-02-21 10:45,1612262715,6550,-0.11677617,0.02130466,0.013182258
02-02-21 10:45,1612262715,6560,-0.058188353,0.01065233,-0.051796954
02-02-21 10:45,1612262715,6570,-0.03901416,0.013848029,-0.063514516
02-02-21 10:45,1612262715,6581,-0.016644266,0.007456631,-0.063514516
02-02-21 10:45,1612262715,6590,-0.0177095,0.023435127,-0.04966649
02-02-21 10:45,1612262715,6600,-0.034753226,0.027696058,-0.010252868
02-02-21 10:45,1612262715,6611,-0.04860126,0.025565593,0.002529929
02-02-21 10:45,1612262715,6621,-0.07310162,0.02130466,0.017443191
02-02-21 10:45,1612262715,6632,-0.09440628,-0.012782796,0.013182258
02-02-21 10:45,1612262715,6640,-0.09760197,-0.026630826,-0.010252868
02-02-21 10:45,1612262715,6651,-0.072036386,-0.046870254,-0.034753226
02-02-21 10:45,1612262715,6660,-0.04220986,-0.058587816,-0.05392742
02-02-21 10:45,1612262715,6670,-0.009187635,-0.07989248,-0.07097115
02-02-21 10:45,1612262715,6680,0.030225987,-0.092675276,-0.085884415
02-02-21 10:45,1612262715,6691,0.07177007,-0.08628388,-0.09760197
02-02-21 10:45,1612262715,6700,0.08135717,-0.08628388,-0.09440628
02-02-21 10:45,1612262715,6711,0.088813804,-0.06710968,-0.07097115
02-02-21 10:45,1612262715,6720,0.07070484,-0.06604445,-0.050731722
02-02-21 10:45,1612262715,6730,0.067509145,-0.06817491,-0.040079392
02-02-21 10:45,1612262715,6740,0.05366111,-0.057522584,-0.023035664
02-02-21 10:45,1612262715,6753,0.062182978,-0.043674555,-0.019839965
02-02-21 10:45,1612262715,6760,0.06857438,-0.039413624,-0.011318101
02-02-21 10:45,1612262715,6771,0.07709624,-0.044739787,0.006790861
02-02-21 10:45,1612262715,6780,0.08455287,-0.037283156,0.006790861
02-02-21 10:45,1612262715,6790,0.09733567,0.019174194,-0.013448567
02-02-21 10:45,1612262715,6800,0.08029194,0.075631544,-0.00386147
02-02-21 10:45,1612262715,6811,0.03874785,0.076696776,0.016377958
02-02-21 10:45,1612262715,6820,-0.07310162,0.060718283,0.036617383
02-02-21 10:45,1612262715,6831,-0.11145,0.06284875,0.019573657
02-02-21 10:45,1612262715,6841,-0.13808084,0.055392116,-0.005991936
02-02-21 10:45,1612262715,6850,-0.1370156,0.007456631,-0.04220986
02-02-21 10:45,1612262715,6860,-0.10505861,-0.008521864,-0.08375394
02-02-21 10:45,1612262715,6872,-0.061384052,-0.018108962,-0.10505861
02-02-21 10:45,1612262715,6880,-0.005991936,-0.041544087,-0.108254306
02-02-21 10:45,1612262715,6890,0.043008782,-0.047935486,-0.08801488
02-02-21 10:45,1612262715,6901,0.0792267,-0.02130466,-0.064579755
02-02-21 10:45,1612262715,6912,0.0856181,0.01065233,-0.011318101
02-02-21 10:45,1612262715,6921,0.027030287,0.028761292,0.10585753
02-02-21 10:45,1612262715,6931,3.99E-04,0.029826526,0.14207545
02-02-21 10:45,1612262715,6940,-0.04860126,0.02130466,0.18788047
02-02-21 10:45,1612262715,6951,-0.069905914,0.024500359,0.18894571
02-02-21 10:45,1612262715,6960,-0.06671022,0.013848029,0.15166256
02-02-21 10:45,1612262715,6970,-0.029427063,-0.013848029,0.08029194
02-02-21 10:45,1612262715,6981,0.011051793,-0.03515269,0.02063889
02-02-21 10:45,1612262715,6991,0.04513925,-0.03195699,-0.03155753
02-02-21 10:45,1612262715,7000,0.074965775,-0.003195699,-0.07310162
02-02-21 10:45,1612262715,7011,0.062182978,0.001065233,-0.078427784
02-02-21 10:45,1612262715,7020,0.03874785,0.012782796,-0.06564499
02-02-21 10:45,1612262715,7030,-0.02516613,0.054326884,-0.030492295
02-02-21 10:45,1612262715,7041,-0.07097115,0.13421936,-0.04220986
02-02-21 10:45,1612262715,7050,-0.107189074,0.056457352,-0.05605789
02-02-21 10:45,1612262715,7061,-0.14127652,-0.025565593,-0.05925359
02-02-21 10:45,1612262715,7070,-0.122102335,-0.023435127,-0.061384052
02-02-21 10:45,1612262715,7080,-0.06671022,-0.01065233,-0.07097115
02-02-21 10:45,1612262715,7091,-0.020905199,-0.015978495,-0.07629731
02-02-21 10:45,1612262715,7100,0.015312725,-0.03195699,-0.08481918
02-02-21 10:45,1612262715,7110,0.04087832,-0.038348388,-0.09440628
02-02-21 10:45,1612262715,7120,0.04940018,-0.040478855,-0.093341045
02-02-21 10:45,1612262715,7130,0.051530648,-0.056457352,-0.06884068
02-02-21 10:45,1612262715,7141,0.050465416,-0.07030538,-0.032622762
02-02-21 10:45,1612262715,7150,0.04940018,-0.06710968,-0.012383334
02-02-21 10:45,1612262715,7160,0.050465416,-0.07243585,0.03768262
02-02-21 10:45,1612262715,7171,0.06644391,-0.075631544,0.06857438
02-02-21 10:45,1612262715,7180,0.08029194,-0.053261653,0.06324821
02-02-21 10:45,1612262715,7190,0.088813804,-0.043674555,0.054726347
02-02-21 10:45,1612262716,7201,0.07283531,-0.051131185,0.04833495
02-02-21 10:45,1612262716,7213,0.047269717,-0.057522584,0.032356452
02-02-21 10:45,1612262716,7220,0.021704122,-0.053261653,0.027030287
02-02-21 10:45,1612262716,7230,-0.004926703,-0.050065953,0.033421688
02-02-21 10:45,1612262716,7241,-0.034753226,-0.049000718,0.050465416
02-02-21 10:45,1612262716,7250,-0.04540556,-0.049000718,0.057922047
02-02-21 10:45,1612262716,7260,-0.054992653,-0.052196417,0.057922047
02-02-21 10:45,1612262716,7271,-0.05605789,-0.07030538,0.047269717
02-02-21 10:45,1612262716,7280,-0.041144624,-0.083088174,0.019573657
02-02-21 10:45,1612262716,7291,-0.029427063,-0.08947957,-0.007057169
02-02-21 10:45,1612262716,7300,-0.004926703,-0.09480574,-0.040079392
02-02-21 10:45,1612262716,7311,0.02063889,-0.08202294,-0.069905914
02-02-21 10:45,1612262716,7320,0.016377958,-0.08628388,-0.06884068
02-02-21 10:45,1612262716,7331,-0.011318101,-0.10758854,-0.04220986
02-02-21 10:45,1612262716,7340,-0.034753226,-0.1193061,-0.020905199
02-02-21 10:45,1612262716,7351,-0.050731722,-0.1161104,-0.008122402
02-02-21 10:45,1612262716,7360,-0.033687994,-0.098001435,-0.012383334
02-02-21 10:45,1612262716,7371,-0.010252868,-0.090544805,-0.008122402
02-02-21 10:45,1612262716,7380,0.004660395,-0.105458066,3.99E-04
02-02-21 10:45,1612262716,7391,0.011051793,-0.109719,0.005725627
02-02-21 10:45,1612262716,7401,0.02063889,-0.1308905,0.023834588
02-02-21 10:45,1612262716,7410,0.036617383,-0.12343387,0.025965055
02-02-21 10:45,1612262716,7420,0.04940018,-0.11078423,0.03129122
02-02-21 10:45,1612262716,7431,0.05259588,-0.111849464,0.03448692
02-02-21 10:45,1612262716,7441,0.050465416,-0.098001435,0.027030287
02-02-21 10:45,1612262716,7451,0.043008782,-0.08947957,0.017443191
02-02-21 10:45,1612262716,7460,0.023834588,-0.104392834,0.025965055
02-02-21 10:45,1612262716,7471,-0.027296597,-0.10013191,0.04194355
02-02-21 10:45,1612262716,7481,-0.1242328,-0.007456631,0.09094427
02-02-21 10:45,1612262716,7491,-0.15725502,0.039413624,0.10905323
02-02-21 10:45,1612262716,7500,-0.19453818,0.076696776,0.12716219
02-02-21 10:45,1612262716,7510,-0.19453818,0.043674555,0.08135717
02-02-21 10:45,1612262716,7521,-0.14660269,0,0.003595162
02-02-21 10:45,1612262716,7530,-0.08801488,-0.034087457,-0.06564499
02-02-21 10:45,1612262716,7540,-0.034753226,-0.049000718,-0.11890664
02-02-21 10:45,1612262716,7551,-0.005991936,-0.033022225,-0.143407
02-02-21 10:45,1612262716,7560,0.008921326,0.009587097,-0.13808084
02-02-21 10:45,1612262716,7571,-0.020905199,0.06391398,-0.10186291
02-02-21 10:45,1612262716,7580,-0.054992653,0.08415341,-0.061384052
02-02-21 10:45,1612262716,7590,-0.061384052,0.08095771,-0.05286219
02-02-21 10:45,1612262716,7600,-0.08694965,0.06604445,-0.034753226
02-02-21 10:45,1612262716,7611,-0.09014534,0.06284875,-0.044340324
02-02-21 10:45,1612262716,7620,-0.08055825,0.07243585,-0.06564499
02-02-21 10:45,1612262716,7631,-0.069905914,0.07030538,-0.078427784
02-02-21 10:45,1612262716,7640,-0.054992653,0.06710968,-0.085884415
02-02-21 10:45,1612262716,7650,-0.036883693,0.075631544,-0.09227581
02-02-21 10:45,1612262716,7661,-0.02516613,0.106523305,-0.08268871
02-02-21 10:45,1612262716,7670,-0.036883693,0.10758854,-0.04860126
02-02-21 10:45,1612262716,7681,-0.07523208,0.106523305,0.005725627
02-02-21 10:45,1612262716,7691,-0.093341045,0.109719,0.027030287
02-02-21 10:45,1612262716,7700,-0.100797676,0.109719,0.03555215
02-02-21 10:45,1612262716,7711,-0.08801488,0.11504517,0.03874785
02-02-21 10:45,1612262716,7722,-0.064579755,0.12676273,0.03555215
02-02-21 10:45,1612262716,7733,-0.040079392,0.112914704,0.025965055
02-02-21 10:45,1612262716,7740,-0.033687994,0.09587097,0.027030287
02-02-21 10:45,1612262716,7751,-0.041144624,0.07776201,0.015312725
02-02-21 10:45,1612262716,7761,-0.04860126,0.049000718,3.99E-04
02-02-21 10:45,1612262716,7771,-0.04220986,0.04580502,-0.0145138
02-02-21 10:45,1612262716,7781,-0.03901416,0.047935486,-0.03581846
02-02-21 10:45,1612262716,7791,-0.027296597,0.054326884,-0.037948925
02-02-21 10:45,1612262716,7800,-0.036883693,0.06604445,-0.0177095
02-02-21 10:45,1612262716,7810,-0.054992653,0.06284875,0.003595162
02-02-21 10:45,1612262716,7820,-0.08162348,0.054326884,0.017443191
02-02-21 10:45,1612262716,7831,-0.08375394,0.044739787,0.012117025
02-02-21 10:45,1612262716,7841,-0.072036386,0.023435127,-0.009187635
02-02-21 10:45,1612262716,7850,-0.036883693,0.018108962,-0.06031882
02-02-21 10:45,1612262716,7860,0.004660395,0.017043728,-0.10186291
02-02-21 10:45,1612262716,7871,0.023834588,-0.003195699,-0.11358047
02-02-21 10:45,1612262716,7880,0.03129122,-0.005326165,-0.12316757
02-02-21 10:45,1612262716,7890,0.03555215,-0.011717564,-0.114645705
02-02-21 10:45,1612262716,7902,0.03768262,-0.028761292,-0.107189074
02-02-21 10:45,1612262716,7910,0.03448692,-0.036217924,-0.10505861
02-02-21 10:45,1612262716,7921,0.03874785,-0.050065953,-0.10399337
02-02-21 10:45,1612262716,7931,0.03768262,-0.055392116,-0.11038477
02-02-21 10:45,1612262716,7941,0.05259588,-0.052196417,-0.11890664
02-02-21 10:45,1612262716,7950,0.06963961,-0.033022225,-0.1306242
02-02-21 10:45,1612262716,7960,0.10053137,-0.002130466,-0.1274285
02-02-21 10:45,1612262716,7971,0.10692277,0.030891757,-0.12316757
02-02-21 10:45,1612262716,7980,0.103727065,0.06391398,-0.13914606
02-02-21 10:45,1612262716,7990,0.074965775,0.1193061,-0.1529941
02-02-21 10:45,1612262716,8000,0.012117025,0.16937205,-0.143407
02-02-21 10:45,1612262716,8011,-0.05605789,0.1938724,-0.12849373
02-02-21 10:45,1612262716,8021,-0.18495108,0.22582941,-0.085884415
02-02-21 10:45,1612262716,8030,-0.26577565,0.23328604,-0.063514516
02-02-21 10:45,1612262716,8041,-0.32329822,0.2322208,-0.051796954
02-02-21 10:45,1612262716,8050,-0.32649392,0.21198137,-0.05605789
02-02-21 10:45,1612262716,8060,-0.2934717,0.18215485,-0.06564499
02-02-21 10:45,1612262716,8071,-0.22649518,0.1576545,-0.08375394
02-02-21 10:45,1612262716,8080,-0.13275467,0.14806738,-0.108254306
02-02-21 10:45,1612262716,8090,-0.04647079,0.12676273,-0.108254306
02-02-21 10:45,1612262716,8101,0.033421688,0.11078423,-0.08375394
02-02-21 10:45,1612262716,8111,0.07603101,0.1161104,-0.05392742
02-02-21 10:45,1612262716,8120,0.12503172,0.13954553,-0.015579033
02-02-21 10:45,1612262716,8131,0.13781452,0.18215485,0.005725627
02-02-21 10:45,1612262716,8140,0.10053137,0.21411183,0.024899822
02-02-21 10:45,1612262716,8151,0.07603101,0.22050324,0.03129122
02-02-21 10:45,1612262716,8160,-0.034753226,0.20772044,0.028095521
02-02-21 10:45,1612262716,8170,-0.1210371,0.18748102,0.005725627
02-02-21 10:45,1612262716,8181,-0.15192886,0.17576344,-0.012383334
02-02-21 10:45,1612262716,8191,-0.18175538,0.13954553,-0.08162348
02-02-21 10:45,1612262717,8200,-0.1497984,0.106523305,-0.14447223
02-02-21 10:45,1612262717,8211,-0.1242328,0.092675276,-0.16045073
02-02-21 10:45,1612262717,8220,-0.054992653,0.08202294,-0.18388586
02-02-21 10:45,1612262717,8230,-0.009187635,0.08095771,-0.16897258
02-02-21 10:45,1612262717,8241,0.029160755,0.09374051,-0.09653674
02-02-21 10:45,1612262717,8250,0.027030287,0.08521864,-0.04647079
02-02-21 10:45,1612262717,8261,0.016377958,0.07243585,0.015312725
02-02-21 10:45,1612262717,8270,-0.001731004,0.07137061,0.050465416
02-02-21 10:45,1612262717,8280,-0.023035664,0.060718283,0.06537867
02-02-21 10:45,1612262717,8290,-0.04220986,0.040478855,0.06644391
02-02-21 10:45,1612262717,8301,-0.05286219,0.007456631,0.04833495
02-02-21 10:45,1612262717,8311,-0.04540556,-0.025565593,0.030225987
02-02-21 10:45,1612262717,8321,-0.00386147,-0.07030538,0.013182258
02-02-21 10:45,1612262717,8331,0.04513925,-0.08841434,0.012117025
02-02-21 10:45,1612262717,8340,0.107988,-0.076696776,-0.004926703
02-02-21 10:45,1612262717,8351,0.15166256,-0.057522584,-0.023035664
02-02-21 10:45,1612262717,8360,0.16338012,-0.051131185,-0.04220986
02-02-21 10:45,1612262717,8370,0.13248836,-0.049000718,-0.064579755
02-02-21 10:45,1612262717,8380,0.08774857,-0.029826526,-0.10186291
02-02-21 10:45,1612262717,8391,0.039813083,-0.017043728,-0.1178414
02-02-21 10:45,1612262717,8400,-0.023035664,-0.009587097,-0.13275467
02-02-21 10:45,1612262717,8411,-0.069905914,0.003195699,-0.143407
02-02-21 10:45,1612262717,8420,-0.107189074,0.017043728,-0.15086363
02-02-21 10:45,1612262717,8431,-0.11997187,0.022369893,-0.14447223
02-02-21 10:45,1612262717,8440,-0.108254306,0.038348388,-0.1306242
02-02-21 10:45,1612262717,8450,-0.069905914,0.053261653,-0.11251524
02-02-21 10:45,1612262717,8461,-0.008122402,0.08095771,-0.09866721
02-02-21 10:45,1612262717,8470,0.05579158,0.1033276,-0.08908011
02-02-21 10:45,1612262717,8480,0.10692277,0.1161104,-0.079493016
02-02-21 10:45,1612262717,8491,0.13142313,0.12356703,-0.077362545
02-02-21 10:45,1612262717,8500,0.14101022,0.12782796,-0.10505861
02-02-21 10:45,1612262717,8510,0.14101022,0.1448717,-0.1497984
02-02-21 10:45,1612262717,8521,0.13035789,0.11504517,-0.25738692
02-02-21 10:45,1612262717,8530,0.13248836,0.14913262,-0.29786578
02-02-21 10:45,1612262717,8540,0.13035789,0.17469822,-0.31597474
02-02-21 10:45,1612262717,8551,0.12396649,0.2098509,-0.32236615
02-02-21 10:45,1612262717,8561,0.12929265,0.22369893,-0.32556185
02-02-21 10:45,1612262717,8571,0.15592349,0.33980933,-0.35751882
02-02-21 10:45,1612262717,8580,0.13035789,0.40798426,-0.35219267
02-02-21 10:45,1612262717,8591,0.04940018,0.470833,-0.33514893
02-02-21 10:45,1612262717,8600,-0.008122402,0.52183104,-0.3340837
02-02-21 10:45,1612262717,8610,-0.09121058,0.6017235,-0.3372794
02-02-21 10:45,1612262717,8621,-0.17216828,0.66137654,-0.34899697
02-02-21 10:45,1612262717,8630,-0.25618854,0.74233425,-0.37456256
02-02-21 10:45,1612262717,8640,-0.3062545,0.8009221,-0.39373675
02-02-21 10:45,1612262717,8654,-0.36697277,0.8531185,-0.4191692
02-02-21 10:45,1612262717,8660,-0.37229896,0.855249,-0.42343011
02-02-21 10:45,1612262717,8671,-0.38508174,0.86164033,-0.44366956
02-02-21 10:45,1612262717,8680,-0.37016848,0.8627056,-0.46923515
02-02-21 10:45,1612262717,8691,-0.33288532,0.869097,-0.4969312
02-02-21 10:45,1612262717,8702,-0.290276,0.87761885,-0.52462727
02-02-21 10:45,1612262717,8711,-0.22436471,0.93194574,-0.58001935
02-02-21 10:45,1612262717,8720,-0.19027725,0.9234239,-0.58960646
02-02-21 10:45,1612262717,8731,-0.16471165,0.91809773,-0.6023893
02-02-21 10:45,1612262717,8740,-0.1561898,0.93514144,-0.6130416
02-02-21 10:45,1612262717,8752,-0.1497984,0.97562027,-0.6215635
02-02-21 10:45,1612262717,8760,-0.16151595,1.0001206,-0.6130416
02-02-21 10:45,1612262717,8771,-0.28921077,0.9702941,-0.49906167
02-02-21 10:45,1612262717,8781,-0.34034196,0.94579375,-0.4607133
02-02-21 10:45,1612262717,8791,-0.35525522,0.9852074,-0.46710467
02-02-21 10:45,1612262717,8800,-0.32755914,1.0235558,-0.48201793
02-02-21 10:45,1612262717,8810,-0.31158066,1.0160991,-0.4745613
02-02-21 10:45,1612262717,8821,-0.27216703,0.9564461,-0.42449537
02-02-21 10:45,1612262717,8830,-0.25099552,0.9095758,-0.39586723
02-02-21 10:45,1612262717,8840,-0.2742975,0.80944395,-0.3564536
02-02-21 10:45,1612262717,8850,-0.30838495,0.66350704,-0.34473604
02-02-21 10:45,1612262717,8861,-0.26577565,0.6794855,-0.45858282
02-02-21 10:45,1612262717,8870,-0.18495108,0.759378,-0.5640409
02-02-21 10:45,1612262717,8880,-0.07629731,0.79985684,-0.6545857
02-02-21 10:45,1612262717,8892,-0.024100898,0.79346544,-0.6716294
02-02-21 10:45,1612262717,8900,-0.07310162,0.76576936,-0.63115054
02-02-21 10:45,1612262717,8910,-0.16897258,0.66457224,-0.5619104
02-02-21 10:45,1612262717,8921,-0.27855843,0.5569837,-0.51504016
02-02-21 10:45,1612262717,8930,-0.35951614,0.5495271,-0.541671
02-02-21 10:45,1612262717,8941,-0.41490826,0.5750927,-0.63647676
02-02-21 10:45,1612262717,8950,-0.4575176,0.69759446,-0.7909355
02-02-21 10:45,1612262717,8960,-0.53208387,0.79559594,-0.89426315
02-02-21 10:45,1612262717,8971,-0.7270215,0.7945307,-0.93900293
02-02-21 10:45,1612262717,8981,-0.8888038,0.79240024,-0.94219863
02-02-21 10:45,1612262717,8991,-1.1210246,0.75511706,-0.934742
02-02-21 10:45,1612262717,9000,-1.3095708,0.68800735,-0.92089397
02-02-21 10:45,1612262717,9010,-1.4491163,0.66137654,-0.91450256
02-02-21 10:45,1612262717,9021,-1.5842679,-0.16710843,-0.7387391
02-02-21 10:45,1612262717,9030,-1.3404626,-0.5026568,-1.059241
02-02-21 10:45,1612262717,9041,-0.78667456,0.5505923,-0.8591104
02-02-21 10:45,1612262717,9051,-0.41597348,1.1682943,-0.8292839
02-02-21 10:45,1612262717,9060,-0.32329822,0.94792426,-0.65778136
02-02-21 10:45,1612262717,9070,-0.56617135,1.0256863,-0.5651061
02-02-21 10:45,1612262717,9081,-0.98680526,0.7572475,-0.60665023
02-02-21 10:45,1612262717,9090,-1.2030475,0.56230986,-0.6684337
02-02-21 10:45,1612262717,9101,-1.5501803,0.46550682,-0.7408696
02-02-21 10:45,1612262717,9110,-1.6226162,0.39413622,-0.72489107
02-02-21 10:45,1612262717,9121,-1.7515094,0.20558998,-0.5991936
02-02-21 10:45,1612262717,9130,-1.7749445,0.15445879,-0.52143157
02-02-21 10:45,1612262717,9140,-1.6748127,0.18854624,-0.49160504
02-02-21 10:45,1612262717,9150,-1.4363335,0.2545907,-0.5384753
02-02-21 10:45,1612262717,9161,-0.96017444,0.329157,-0.63434625
02-02-21 10:45,1612262717,9170,-0.81330544,0.31956992,-0.6449986
02-02-21 10:45,1612262717,9180,-0.58321506,0.22689463,-0.63328105
02-02-21 10:45,1612262717,9190,-0.36377707,0.041544087,-0.58960646
02-02-21 10:45,1612262718,9201,-0.24779983,-0.075631544,-0.5672366
02-02-21 10:45,1612262718,9210,-0.19986434,-0.26191416,-0.523562
02-02-21 10:45,1612262718,9220,-0.2307561,-0.5633751,-0.4543219
02-02-21 10:45,1612262718,9230,-0.32755914,-0.9648348,-0.40012816
02-02-21 10:45,1612262718,9241,-0.4255606,-1.3121008,-0.39906293
02-02-21 10:45,1612262718,9251,-0.4458,-1.3705554,-0.5395405
02-02-21 10:45,1612262718,9260,-0.32755914,-1.1608377,-0.8047835
02-02-21 10:45,1612262718,9270,-0.19027725,-0.9882699,-0.95285094
02-02-21 10:45,1612262718,9281,-0.10399337,-0.87429,-0.9816122
02-02-21 10:45,1612262718,9290,-0.12955897,-0.86896384,-0.90811116
02-02-21 10:45,1612262718,9300,-0.19134249,-0.82102835,-0.8963936
02-02-21 10:45,1612262718,9311,-0.25831902,-0.62941957,-0.89532834
02-02-21 10:45,1612262718,9320,-0.33075485,-0.55165756,-0.84419715
02-02-21 10:45,1612262718,9330,-0.46710467,-0.5505923,-0.7323477
02-02-21 10:45,1612262718,9340,-0.6737599,-0.5197006,-0.5512581
02-02-21 10:45,1612262718,9351,-0.83993626,-0.5367443,-0.43088675
02-02-21 10:45,1612262718,9361,-0.9495221,-0.55485326,-0.37775826
02-02-21 10:45,1612262718,9371,-1.0187622,-0.5569837,-0.3500622
02-02-21 10:45,1612262718,9381,-1.0475235,-0.5846798,-0.35219267
02-02-21 10:45,1612262718,9390,-1.0517845,-0.59959304,-0.39373675
02-02-21 10:45,1612262718,9400,-1.0240884,-0.5814841,-0.44686526
02-02-21 10:45,1612262718,9411,-0.7312825,-0.24593568,-0.6023893
02-02-21 10:45,1612262718,9420,-0.6023893,-0.16178226,-0.55871475
02-02-21 10:45,1612262718,9430,-0.41703874,-0.14473854,-0.33621418
02-02-21 10:45,1612262718,9440,-0.35845092,-0.1756303,-0.21051668
02-02-21 10:45,1612262718,9452,-0.3286244,-0.18734786,-0.16045073
02-02-21 10:45,1612262718,9461,-0.30092832,-0.22463101,-0.15192886
02-02-21 10:45,1612262718,9471,-0.28814554,-0.25232708,-0.17536399
02-02-21 10:45,1612262718,9480,-0.2711018,-0.20439158,-0.2563217
02-02-21 10:45,1612262718,9491,-0.2679061,-0.13195574,-0.2797568
02-02-21 10:45,1612262718,9500,-0.24886507,-0.069240145,-0.21584284
02-02-21 10:45,1612262718,9510,-0.20945144,-0.001065233,-0.107189074
02-02-21 10:45,1612262718,9520,-0.14447223,0.06497922,0.007856093
02-02-21 10:45,1612262718,9531,-0.07629731,0.11824086,0.1047923
02-02-21 10:45,1612262718,9540,-0.020905199,0.14380646,0.14314069
02-02-21 10:45,1612262718,9551,0.030225987,0.17150252,0.16231488
02-02-21 10:45,1612262718,9560,0.054726347,0.2162423,0.13461882
02-02-21 10:45,1612262718,9571,0.06857438,0.25672117,0.10053137
02-02-21 10:45,1612262718,9580,0.09094427,0.27483013,0.088813804
02-02-21 10:45,1612262718,9591,0.12503172,0.29720002,0.11224893
02-02-21 10:45,1612262718,9600,0.16231488,0.31743944,0.13461882
02-02-21 10:45,1612262718,9611,0.21025036,0.35578784,0.14420593
02-02-21 10:45,1612262718,9621,0.2368812,0.35259214,0.14207545
02-02-21 10:45,1612262718,9630,0.23794642,0.31743944,0.11544463
02-02-21 10:45,1612262718,9640,0.19746757,0.30039573,0.0856181
02-02-21 10:45,1612262718,9651,0.15272778,0.2844172,0.043008782
02-02-21 10:45,1612262718,9660,0.107988,0.2418079,-0.00386147
02-02-21 10:45,1612262718,9671,0.09946613,0.2481993,-0.026231363
02-02-21 10:45,1612262718,9680,0.12503172,0.2812215,-0.06564499
02-02-21 10:45,1612262718,9691,0.1697715,0.26950395,-0.072036386
02-02-21 10:45,1612262718,9701,0.23155503,0.24074267,-0.05392742
02-02-21 10:45,1612262718,9710,0.364576,0.21091613,-0.044340324
02-02-21 10:45,1612262718,9720,0.5264914,0.21837278,-0.078427784
02-02-21 10:45,1612262718,9730,0.69799393,0.27909106,-0.14873315
02-02-21 10:45,1612262718,9741,0.8449961,0.39520144,-0.22862564
02-02-21 10:45,1612262718,9750,0.9121058,0.4356803,-0.26058263
02-02-21 10:45,1612262718,9760,0.9493889,0.46337637,-0.2595174
02-02-21 10:45,1612262718,9771,0.9536499,0.49733067,-0.22116901
02-02-21 10:45,1612262718,9780,0.9748214,0.53887475,-0.15832026
02-02-21 10:45,1612262718,9790,1.0248873,0.5740274,-0.09440628
02-02-21 10:45,1612262718,9800,1.1814766,0.6922683,-0.05392742
02-02-21 10:45,1612262718,9811,1.2528472,0.7636389,-0.034753226
02-02-21 10:45,1612262718,9821,1.4168931,0.94472855,0.0952052
02-02-21 10:45,1612262718,9831,1.4477848,0.99053353,0.11970556
02-02-21 10:45,1612262718,9840,1.4786766,1.0757523,0.18788047
02-02-21 10:45,1612262718,9851,1.4935899,1.1533811,0.26550934
02-02-21 10:45,1612262718,9860,1.4818723,1.1885338,0.3358147
02-02-21 10:45,1612262718,9870,1.44885,1.1491201,0.41996813
02-02-21 10:45,1612262718,9881,1.4254149,1.052317,0.48601258
02-02-21 10:45,1612262718,9890,1.4179583,0.978816,0.4838821
02-02-21 10:45,1612262718,9901,1.4477848,0.9138368,0.39440253
02-02-21 10:45,1612262718,9910,1.4744157,0.9095758,0.24526991
02-02-21 10:45,1612262718,9921,1.4520458,0.933011,0.06324821
02-02-21 10:45,1612262718,9930,1.3785447,0.8882712,-0.028361829
02-02-21 10:45,1612262718,9940,1.2379339,0.8850755,-0.061384052
02-02-21 10:45,1612262718,9951,1.1367368,0.87761885,-0.016644266
02-02-21 10:45,1612262718,9960,0.97695184,0.7742913,0.096270435
02-02-21 10:45,1612262718,9971,0.85245275,0.6336805,0.22822617
02-02-21 10:45,1612262718,9980,0.80451727,0.53780955,0.3123796
02-02-21 10:45,1612262718,9991,0.8418004,0.4772244,0.32835808
02-02-21 10:45,1612262718,10000,0.94406277,0.3813534,0.29107493
02-02-21 10:45,1612262718,10010,1.0291482,0.32276562,0.25272653
02-02-21 10:45,1612262718,10021,1.091997,0.283352,0.21757385
02-02-21 10:45,1612262718,10030,1.1335411,0.22476417,0.20692152
02-02-21 10:45,1612262718,10041,1.1527153,0.16085018,0.21970432
02-02-21 10:45,1612262718,10050,1.1569762,0.111849464,0.23994374
02-02-21 10:45,1612262718,10060,1.1580415,0.03195699,0.24633513
02-02-21 10:45,1612262718,10071,1.1591067,-0.05965305,0.2612484
02-02-21 10:45,1612262718,10080,1.1644329,-0.21184821,0.28468353
02-02-21 10:45,1612262718,10091,1.1772157,-0.35139373,0.28787923
02-02-21 10:45,1612262718,10100,1.1718894,-0.52928764,0.29107493
02-02-21 10:45,1612262718,10111,1.137802,-0.7485925,0.27190074
02-02-21 10:45,1612262718,10120,1.1676285,-0.9094427,0.16231488
02-02-21 10:45,1612262718,10130,1.2272816,-0.952052,0.088813804
02-02-21 10:45,1612262718,10140,1.4041103,-1.0383359,-0.05605789
02-02-21 10:45,1612262718,10150,1.7661563,-1.1342069,-0.23927797
02-02-21 10:45,1612262718,10160,2.0590954,-1.3089051,-0.3138443
02-02-21 10:45,1612262718,10171,1.0344744,-2.0415192,0.2772269
02-02-21 10:45,1612262718,10180,0.35924983,-0.5836145,0.61597097
02-02-21 10:45,1612262718,10191,-0.3967993,-0.94353014,1.028083
02-02-21 10:45,1612262719,10200,-0.2147776,-0.3556547,1.0089089
02-02-21 10:45,1612262719,10210,0.022769356,0.07350108,0.85764575
02-02-21 10:45,1612262719,10221,0.11650986,-0.1532604,0.597862
02-02-21 10:45,1612262719,10230,0.074965775,-0.4536561,0.4966649
02-02-21 10:45,1612262719,10240,0.008921326,-0.49733067,0.2995968
02-02-21 10:45,1612262719,10250,0.067509145,-0.37802458,0.2995968
02-02-21 10:45,1612262719,10260,0.11650986,-0.29706687,0.2804226
02-02-21 10:45,1612262719,10270,0.28694713,-0.06284875,0.14101022
02-02-21 10:45,1612262719,10281,0.35512206,0.17469822,0.032356452
02-02-21 10:45,1612262719,10291,0.37948927,0.44420218,-0.100797676
02-02-21 10:45,1612262719,10300,0.40079394,0.6986597,-0.30106148
02-02-21 10:45,1612262719,10311,0.37203264,0.82329196,-0.37136686
02-02-21 10:45,1612262719,10320,0.13035789,1.2279474,-0.45858282
02-02-21 10:45,1612262719,10330,-0.43940863,1.9649554,-0.5342144
02-02-21 10:45,1612262719,10340,-1.0943937,2.5421786,-0.57256275
02-02-21 10:45,1612262719,10351,-1.8260757,3.0160742,-0.679086
02-02-21 10:45,1612262719,10360,-1.4501816,2.3738718,-0.88787174
02-02-21 10:45,1612262719,10372,-1.3905286,2.1108923,-1.1348727
02-02-21 10:45,1612262719,10380,-1.4480511,2.0938487,-1.1401988
02-02-21 10:45,1612262719,10391,-1.2850705,1.074687,-0.83354485
02-02-21 10:45,1612262719,10400,-0.6098459,0.29720002,-0.13168943
02-02-21 10:45,1612262719,10411,-0.018774733,0.46018067,0.5509918
02-02-21 10:45,1612262719,10420,0.39120683,0.7977264,0.757647
02-02-21 10:45,1612262719,10432,0.99293035,1.1086413,0.9279511
02-02-21 10:45,1612262719,10443,1.128215,1.1704248,0.97056043
02-02-21 10:45,1612262719,10452,1.3508487,1.295057,1.0611053
02-02-21 10:45,1612262719,10461,1.4829376,1.3579057,1.311435
02-02-21 10:45,1612262719,10470,1.2539124,1.0129035,1.3050436
02-02-21 10:45,1612262719,10482,1.028083,0.6081149,1.3508487
02-02-21 10:45,1612262719,10490,0.87695307,0.14380646,1.4380646
02-02-21 10:45,1612262719,10501,0.7597774,-0.3471328,1.5339355
02-02-21 10:45,1612262719,10510,0.7384728,-0.5473966,1.5925233
02-02-21 10:45,1612262719,10520,0.80877817,-0.6272891,1.618089
02-02-21 10:45,1612262719,10530,0.91743195,-0.6379414,1.627676
02-02-21 10:45,1612262719,10540,1.0153003,-0.53141814,1.645785
02-02-21 10:45,1612262719,10551,1.1473892,-0.39187258,1.6670897
02-02-21 10:45,1612262719,10560,1.2464558,-0.24167474,1.7139599
02-02-21 10:45,1612262719,10570,1.3636314,0.05965305,1.8598969
02-02-21 10:45,1612262719,10581,1.4658937,0.45591974,2.057897
02-02-21 10:45,1612262719,10590,1.5106336,0.68481165,2.1580288
02-02-21 10:45,1612262719,10600,1.5223511,0.80624825,2.1889207
02-02-21 10:45,1612262719,10611,1.5138292,0.87442315,2.1431158
02-02-21 10:45,1612262719,10620,1.4871985,0.92235863,2.0749407
02-02-21 10:45,1612262719,10631,1.3966537,0.99053353,1.979203
02-02-21 10:45,1612262719,10640,1.1931942,1.0958585,1.8353965
02-02-21 10:45,1612262719,10650,1.0238221,1.1533811,1.6702853
02-02-21 10:45,1612262719,10661,0.8780183,1.1480548,1.4881306
02-02-21 10:45,1612262719,10670,0.7523208,1.1736205,1.3849361
02-02-21 10:45,1612262719,10680,0.7065158,1.2620348,1.3998493
02-02-21 10:45,1612262719,10690,0.7224943,1.2758828,1.3583052
02-02-21 10:45,1612262719,10701,0.7672341,1.331275,1.205977
02-02-21 10:45,1612262719,10712,0.7768212,1.2726872,1.1164974
02-02-21 10:45,1612262719,10721,0.7629731,1.1704248,1.0344744
02-02-21 10:45,1612262719,10732,0.7544513,1.1608377,0.9716257
02-02-21 10:45,1612262719,10741,0.78853875,1.3792105,0.79493016
02-02-21 10:45,1612262719,10750,0.7523208,1.5528435,0.6031882
02-02-21 10:45,1612262719,10761,0.6511237,1.564561,0.35072798
02-02-21 10:45,1612262719,10770,0.60212296,1.5102341,0.24313943
02-02-21 10:45,1612262719,10780,0.44872943,1.4282112,0.05685681
02-02-21 10:45,1612262719,10791,0.21557653,1.2332735,-0.09227581
02-02-21 10:45,1612262719,10800,0.13887976,1.1118369,-0.16471165
02-02-21 10:45,1612262719,10811,-0.17749445,0.47935486,-0.3532579
02-02-21 10:45,1612262719,10821,-0.45538712,-0.6432676,-0.58214986
02-02-21 10:45,1612262719,10830,-0.61730254,-1.2183603,-0.65671617
02-02-21 10:45,1612262719,10840,-0.81010973,-1.4951878,-0.5033226
02-02-21 10:45,1612262719,10851,-0.8026531,-1.6123633,-0.41703874
02-02-21 10:45,1612262719,10860,-0.8292839,-1.5473841,-0.29573533
02-02-21 10:45,1612262719,10870,-0.90371704,-1.0937281,-0.22329947
02-02-21 10:45,1612262719,10881,-0.9441959,-0.49733067,-0.19027725
02-02-21 10:45,1612262719,10890,-0.84100145,-0.06817491,-0.13808084
02-02-21 10:45,1612262719,10900,-0.53208387,0.09480574,-0.02516613
02-02-21 10:45,1612262719,10910,-0.06564499,0.13848029,0.17722814
02-02-21 10:45,1612262719,10920,0.3466002,0.20772044,0.42103335
02-02-21 10:45,1612262719,10931,0.6042534,0.31743944,0.6031882
02-02-21 10:45,1612262719,10940,0.7640384,0.32170036,0.6788197
02-02-21 10:45,1612262719,10951,0.8141043,0.28761292,0.6788197
02-02-21 10:45,1612262719,10960,0.8247567,-0.019174194,0.6788197
02-02-21 10:45,1612262719,10970,0.7842778,-0.36843747,0.7746907
02-02-21 10:45,1612262719,10980,0.6649717,-0.41956866,0.9332773
02-02-21 10:45,1612262719,10991,0.5765574,-0.3279586,1.1069102
02-02-21 10:45,1612262719,11000,0.4316857,-0.0969362,1.2187598
02-02-21 10:45,1612262719,11010,0.33594787,-0.08947957,1.2869346
02-02-21 10:45,1612262719,11021,0.22942457,-0.113979936,1.2890651
02-02-21 10:45,1612262719,11030,0.21025036,-0.09587097,1.2549777
02-02-21 10:45,1612262719,11041,0.2113156,0.008521864,1.1133016
02-02-21 10:45,1612262719,11051,0.20918514,0.2450036,0.8661676
02-02-21 10:45,1612262719,11060,0.21025036,0.44100648,0.5424699
02-02-21 10:45,1612262719,11071,0.18361954,0.53461385,0.39653298
02-02-21 10:45,1612262719,11081,0.0792267,0.6453981,0.19107617
02-02-21 10:45,1612262719,11090,-0.04327509,0.6560504,0.10905323
02-02-21 10:45,1612262719,11101,-0.05392742,0.6443328,0.13994499
02-02-21 10:45,1612262719,11111,-0.007057169,0.49733067,0.2612484
02-02-21 10:45,1612262719,11120,0.017443191,0.3845491,0.26657456
02-02-21 10:45,1612262719,11130,0.06644391,0.15871972,0.24953084
02-02-21 10:45,1612262719,11140,0.033421688,0.13528459,0.31024912
02-02-21 10:45,1612262719,11150,-0.015579033,0.17043728,0.32729286
02-02-21 10:45,1612262719,11161,-0.0145138,0.20026381,0.26337886
02-02-21 10:45,1612262719,11170,0.003595162,0.1448717,0.14740162
02-02-21 10:45,1612262719,11181,-0.001731004,-0.038348388,0.03448692
02-02-21 10:45,1612262719,11190,-0.028361829,-0.121436566,-0.051796954
02-02-21 10:45,1612262720,11200,-0.051796954,-0.13621667,-0.10931954
02-02-21 10:45,1612262720,11211,-0.030492295,-0.08628388,-0.1210371
02-02-21 10:45,1612262720,11221,0.02063889,-0.04580502,-0.10505861
02-02-21 10:45,1612262720,11230,0.118640326,0.03515269,-0.08375394
02-02-21 10:45,1612262720,11240,0.24220736,0.14274122,-0.077362545
02-02-21 10:45,1612262720,11250,0.3613803,0.25246024,-0.07310162
02-02-21 10:45,1612262720,11261,0.46257743,0.35259214,-0.077362545
02-02-21 10:45,1612262720,11270,0.53075236,0.42289752,-0.08055825
02-02-21 10:45,1612262720,11281,0.54460037,0.37283155,-0.04860126
02-02-21 10:45,1612262720,11290,0.51157814,0.29826525,-0.012383334
02-02-21 10:45,1612262720,11300,0.44659895,0.2450036,0.023834588
02-02-21 10:45,1612262720,11311,0.44020754,0.22369893,-0.008122402
02-02-21 10:45,1612262720,11320,0.44446847,0.22050324,0.001464695
02-02-21 10:45,1612262720,11330,0.44446847,0.14806738,0.06963961
02-02-21 10:45,1612262720,11340,0.40185916,0.099066675,0.057922047
02-02-21 10:45,1612262720,11351,0.34446973,0.092675276,0.04513925
02-02-21 10:45,1612262720,11360,0.3178389,0.09480574,0.039813083
02-02-21 10:45,1612262720,11370,0.23901166,0.08841434,0.03448692
02-02-21 10:45,1612262720,11381,0.18681525,0.036217924,0.03555215
02-02-21 10:45,1612262720,11390,0.1335536,0.011717564,0.033421688
02-02-21 10:45,1612262720,11400,0.10266183,0.004260932,0.033421688
02-02-21 10:45,1612262720,11410,0.06644391,0.015978495,0.03555215
02-02-21 10:45,1612262720,11421,0.07390054,0.049000718,0.032356452
02-02-21 10:45,1612262720,11430,0.08029194,0.06497922,0.025965055
02-02-21 10:45,1612262720,11440,0.1335536,0.08841434,0.00998656
02-02-21 10:45,1612262720,11451,0.1697715,0.09374051,0.007856093
02-02-21 10:45,1612262720,11460,0.18468477,0.10758854,0.004660395
02-02-21 10:45,1612262720,11470,0.18361954,0.16085018,0.004660395
02-02-21 10:45,1612262720,11480,0.17403245,0.219438,0.005725627
02-02-21 10:45,1612262720,11491,0.16231488,0.24926452,3.99E-04
02-02-21 10:45,1612262720,11500,0.16231488,0.2481993,-6.66E-04
02-02-21 10:45,1612262720,11510,0.1985328,0.24713406,-0.011318101
02-02-21 10:45,1612262720,11520,0.22622886,0.2481993,-0.028361829
02-02-21 10:45,1612262720,11531,0.21238084,0.20132904,-0.0145138
02-02-21 10:45,1612262720,11540,0.19746757,0.21091613,0.004660395
02-02-21 10:45,1612262720,11551,0.17829338,0.21411183,0.021704122
02-02-21 10:45,1612262720,11560,0.17296721,0.219438,0.024899822
02-02-21 10:45,1612262720,11570,0.16551058,0.20878567,0.03768262
02-02-21 10:45,1612262720,11580,0.16764104,0.21091613,0.051530648
02-02-21 10:45,1612262720,11590,0.16444534,0.22369893,0.05685681
02-02-21 10:45,1612262720,11601,0.14101022,0.21730754,0.06324821
02-02-21 10:45,1612262720,11610,0.11650986,0.19813335,0.07070484
02-02-21 10:45,1612262720,11621,0.0984009,0.16830681,0.08348764
02-02-21 10:45,1612262720,11630,0.10266183,0.14274122,0.08668334
02-02-21 10:45,1612262720,11641,0.11011846,0.098001435,0.08668334
02-02-21 10:45,1612262720,11650,0.1143794,0.083088174,0.07283531
02-02-21 10:45,1612262720,11660,0.12503172,0.08628388,0.05579158
02-02-21 10:45,1612262720,11670,0.15272778,0.10758854,0.04620448
02-02-21 10:45,1612262720,11680,0.17829338,0.13528459,0.043008782
02-02-21 10:45,1612262720,11691,0.20066327,0.15658925,0.032356452
02-02-21 10:45,1612262720,11700,0.20598944,0.16511112,0.025965055
02-02-21 10:45,1612262720,11710,0.2145113,0.17789392,0.030225987
02-02-21 10:45,1612262720,11720,0.21664177,0.20026381,0.03874785
02-02-21 10:45,1612262720,11731,0.20705467,0.2098509,0.04833495
02-02-21 10:45,1612262720,11742,0.19320664,0.21730754,0.04087832
02-02-21 10:45,1612262720,11750,0.19640234,0.23009034,0.03555215
02-02-21 10:45,1612262720,11761,0.2272941,0.25032976,0.024899822
02-02-21 10:45,1612262720,11770,0.25818586,0.23967743,0.018508423
02-02-21 10:45,1612262720,11781,0.2858819,0.21517707,0.02063889
02-02-21 10:45,1612262720,11790,0.327426,0.2162423,0.033421688
02-02-21 10:45,1612262720,11800,0.47109932,0.16511112,0.06537867
02-02-21 10:45,1612262720,11810,0.46683836,0.18108961,0.09094427
02-02-21 10:45,1612262720,11821,0.42848998,0.13528459,0.09094427
02-02-21 10:45,1612262720,11830,0.37522835,0.07776201,0.082422405
02-02-21 10:45,1612262720,11840,0.27416435,-0.030891757,0.103727065
02-02-21 10:45,1612262720,11850,0.15911919,-0.10119714,0.11544463
02-02-21 10:45,1612262720,11861,0.08455287,-0.13195574,0.10692277
02-02-21 10:45,1612262720,11871,-0.013448567,-0.15752134,0.0856181
02-02-21 10:45,1612262720,11880,-0.037948925,-0.18628262,0.06857438
02-02-21 10:45,1612262720,11890,-0.041144624,-0.20652205,0.04513925
02-02-21 10:45,1612262720,11903,0.011051793,-0.25445753,0.036617383
02-02-21 10:45,1612262720,11911,0.036617383,-0.25552276,0.04087832
02-02-21 10:45,1612262720,11921,0.06431344,-0.22143531,0.03874785
02-02-21 10:45,1612262720,11930,0.07816147,-0.20226112,0.04194355
02-02-21 10:45,1612262720,11940,0.103727065,-0.16391273,0.039813083
02-02-21 10:45,1612262720,11951,0.12290126,-0.13941237,0.032356452
02-02-21 10:45,1612262720,11960,0.1143794,-0.12556434,0.017443191
02-02-21 10:45,1612262720,11970,0.11224893,-0.09374051,0.011051793
02-02-21 10:45,1612262720,11983,0.11011846,-0.058587816,0.011051793
02-02-21 10:45,1612262720,11990,0.0920095,-0.028761292,0.005725627
02-02-21 10:45,1612262720,12001,0.05685681,-0.001065233,0.002529929
02-02-21 10:45,1612262720,12010,-0.004926703,0.019174194,-0.002796237
02-02-21 10:45,1612262720,12020,-0.08375394,0.024500359,-0.013448567
02-02-21 10:45,1612262720,12030,-0.1370156,0.018108962,-0.0177095
02-02-21 10:45,1612262720,12041,-0.1657769,0.007456631,-0.018774733
02-02-21 10:45,1612262720,12050,-0.19986434,0.001065233,-0.016644266
02-02-21 10:45,1612262720,12061,-0.2339518,-0.020239428,-0.019839965
02-02-21 10:45,1612262720,12070,-0.22969086,-0.07456631,-0.0177095
02-02-21 10:45,1612262720,12080,-0.22223423,-0.15219517,-0.016644266
02-02-21 10:45,1612262720,12091,-0.23927797,-0.20226112,0.03768262
02-02-21 10:45,1612262720,12100,-0.2838846,-0.28747976,0.06644391
02-02-21 10:45,1612262720,12110,-0.3520595,-0.34500235,0.06537867
02-02-21 10:45,1612262720,12121,-0.3520595,-0.34500235,0.06537867
02-02-21 10:45,1612262720,12130,-0.3520595,-0.34500235,0.06537867
02-02-21 10:45,1612262720,12140,-0.3520595,-0.34500235,0.06537867
02-02-21 10:45,1612262720,12152,-0.3520595,-0.34500235,0.06537867
02-02-21 10:45,1612262720,12160,-0.3520595,-0.34500235,0.06537867
02-02-21 10:45,1612262720,12170,-0.3520595,-0.34500235,0.06537867
02-02-21 10:45,1612262720,12181,-0.3520595,-0.34500235,0.06537867
02-02-21 10:45,1612262720,12190,-0.3520595,-0.34500235,0.06537867
02-02-21 10:45,1612262721,12200,-0.3520595,-0.34500235,0.06537867
02-02-21 10:45,1612262721,12210,-0.3520595,-0.34500235,0.06537867
02-02-21 10:45,1612262721,12220,-0.3520595,-0.34500235,0.06537867
02-02-21 10:45,1612262721,12230,-0.3520595,-0.34500235,0.06537867
